source,campaign,influencer_id,user_id,product,date,orders,revenue
TikTok,NewYearPromo,INF017,USER53942,Weight Gainer,2024-05-07,4,495.82193298297585
YouTube,SummerSale,INF037,USER92301,Protein Powder,2024-03-27,9,364.9797029666586
Twitter,SummerSale,INF018,USER48513,Protein Powder,2024-11-13,1,238.4848529407121
Instagram,FitnessChallenge,INF016,USER63591,Protein Powder,2024-12-01,3,387.8466562018889
YouTube,NewYearPromo,INF002,USER44123,Weight Gainer,2024-08-26,6,75.93335677236203
Instagram,NewYearPromo,INF045,USER94611,Vitamins,2024-06-12,5,326.8385575709557
Instagram,SummerSale,INF007,USER28160,Protein Powder,2024-04-09,4,240.99750867515925
YouTube,NewYearPromo,INF049,USER62519,Protein Powder,2024-02-09,8,207.26503385438744
Instagram,SummerSale,INF046,USER24414,Protein Powder,2024-03-06,5,269.1901714659379
YouTube,NewYearPromo,INF003,USER25696,Kids Nutrition,2024-01-01,3,143.38862807178316
Twitter,FitnessChallenge,INF015,USER31399,Kids Nutrition,2024-08-22,7,398.7111012070058
Twitter,NewYearPromo,INF028,USER77730,Protein Powder,2024-12-21,2,59.615150271984795
YouTube,SummerSale,INF012,USER29923,Weight Gainer,2024-05-14,4,122.54648216219361
Instagram,NewYearPromo,INF022,USER18458,Kids Nutrition,2024-07-06,1,424.37846451486075
Instagram,SummerSale,INF046,USER90389,Weight Gainer,2024-07-03,9,190.27080142767466
Twitter,NewYearPromo,INF010,USER24998,Protein Powder,2024-07-28,7,359.776214646741
YouTube,SummerSale,INF024,USER25223,Vitamins,2024-09-11,2,332.66365541167914
Instagram,NewYearPromo,INF022,USER58437,Kids Nutrition,2024-11-13,8,282.61591617359
Instagram,FitnessChallenge,INF045,USER20100,Kids Nutrition,2024-05-08,8,221.48698547644005
YouTube,FitnessChallenge,INF012,USER46302,Protein Powder,2024-12-30,4,441.4237668126653
Instagram,SummerSale,INF045,USER67676,Weight Gainer,2024-04-02,2,301.76396613853154
YouTube,SummerSale,INF041,USER32436,Vitamins,2024-05-06,6,207.97800173482017
YouTube,FitnessChallenge,INF036,USER40445,Vitamins,2024-06-04,9,255.9477424237482
Instagram,FitnessChallenge,INF021,USER68573,Weight Gainer,2024-04-08,3,406.049697599759
Instagram,FitnessChallenge,INF029,USER17395,Weight Gainer,2024-12-29,6,235.67071418467393
Instagram,SummerSale,INF014,USER94868,Weight Gainer,2024-04-08,5,60.65156067387366
TikTok,SummerSale,INF035,USER94980,Protein Powder,2024-12-12,4,172.67628255209132
Twitter,SummerSale,INF015,USER52227,Protein Powder,2024-02-09,3,470.7346260405407
TikTok,FitnessChallenge,INF044,USER84777,Kids Nutrition,2024-08-03,4,163.968513335181
Twitter,SummerSale,INF040,USER32450,Protein Powder,2024-09-03,4,228.53400203232596
Instagram,FitnessChallenge,INF034,USER40747,Weight Gainer,2024-06-18,7,484.35116684245764
Twitter,NewYearPromo,INF008,USER20278,Kids Nutrition,2024-11-18,5,268.6835958690418
YouTube,NewYearPromo,INF002,USER93754,Protein Powder,2024-05-02,2,167.2741514796849
Instagram,NewYearPromo,INF022,USER29242,Vitamins,2024-04-20,2,157.73442836710134
YouTube,SummerSale,INF019,USER71543,Weight Gainer,2024-01-24,4,218.19169411360542
TikTok,FitnessChallenge,INF017,USER29670,Protein Powder,2024-05-24,7,471.0692946218738
Twitter,FitnessChallenge,INF042,USER62824,Weight Gainer,2024-06-02,1,383.55024162930357
Instagram,SummerSale,INF029,USER17615,Weight Gainer,2024-01-05,8,182.10716890963994
Twitter,FitnessChallenge,INF008,USER95233,Vitamins,2024-07-18,3,228.1951992394805
Instagram,FitnessChallenge,INF027,USER16834,Protein Powder,2024-02-05,3,409.62768990290726
Twitter,NewYearPromo,INF018,USER52715,Kids Nutrition,2024-07-03,6,432.14446875011726
Twitter,NewYearPromo,INF015,USER50875,Protein Powder,2024-08-04,7,66.33197728349614
Twitter,NewYearPromo,INF009,USER62567,Protein Powder,2024-05-07,8,95.5909472990613
Instagram,SummerSale,INF023,USER44846,Protein Powder,2024-03-02,5,474.7902335867889
TikTok,SummerSale,INF020,USER94959,Protein Powder,2024-07-10,3,396.6745108188265
YouTube,SummerSale,INF003,USER11581,Protein Powder,2024-02-26,9,406.088929442786
Twitter,NewYearPromo,INF015,USER87856,Protein Powder,2024-04-03,7,321.3008881613262
Twitter,FitnessChallenge,INF042,USER87125,Weight Gainer,2024-07-28,4,116.27272952358335
TikTok,FitnessChallenge,INF044,USER21805,Kids Nutrition,2024-11-18,7,266.71514283885585
Twitter,SummerSale,INF047,USER88115,Kids Nutrition,2024-11-26,7,74.6702946503047
Instagram,NewYearPromo,INF025,USER62628,Kids Nutrition,2024-08-15,3,111.73421112504082
Twitter,NewYearPromo,INF032,USER37806,Protein Powder,2024-06-09,7,255.36945184273586
Instagram,SummerSale,INF025,USER40537,Vitamins,2024-01-06,9,380.120505767641
Twitter,NewYearPromo,INF032,USER72928,Vitamins,2024-02-18,5,447.01047836603135
Twitter,NewYearPromo,INF028,USER28004,Protein Powder,2024-07-16,8,219.45589521090463
Twitter,NewYearPromo,INF000,USER41960,Weight Gainer,2024-09-22,3,54.49820959126863
Twitter,NewYearPromo,INF042,USER33719,Kids Nutrition,2024-03-09,5,309.88067027522607
Instagram,FitnessChallenge,INF007,USER93461,Vitamins,2024-11-26,4,144.4902586166105
Twitter,FitnessChallenge,INF000,USER26164,Vitamins,2024-09-01,5,346.3060035241935
Instagram,NewYearPromo,INF027,USER49725,Weight Gainer,2024-01-13,3,499.19089037502613
YouTube,NewYearPromo,INF024,USER22702,Kids Nutrition,2024-06-13,3,123.36071733330739
Instagram,NewYearPromo,INF029,USER27191,Kids Nutrition,2024-11-24,9,287.4301734550676
Instagram,NewYearPromo,INF023,USER98413,Kids Nutrition,2024-10-20,4,465.40650820091906
YouTube,NewYearPromo,INF026,USER44156,Kids Nutrition,2024-08-02,6,179.43175827977603
Instagram,SummerSale,INF025,USER45688,Protein Powder,2024-08-18,7,248.86362160949656
Twitter,NewYearPromo,INF032,USER58967,Weight Gainer,2024-02-03,5,272.8396335412509
Twitter,SummerSale,INF047,USER25600,Vitamins,2024-08-14,1,361.736010119193
YouTube,FitnessChallenge,INF024,USER45595,Protein Powder,2024-08-13,9,212.1411620458244
YouTube,FitnessChallenge,INF003,USER45198,Kids Nutrition,2024-07-17,5,473.86580285909713
Twitter,FitnessChallenge,INF033,USER30564,Kids Nutrition,2024-04-05,9,67.75502840092388
YouTube,SummerSale,INF039,USER67637,Vitamins,2024-04-08,6,433.9036903716793
Instagram,SummerSale,INF022,USER17877,Vitamins,2024-08-28,1,207.65872399382548
Instagram,NewYearPromo,INF045,USER95539,Kids Nutrition,2024-08-03,4,314.6931846609271
Twitter,FitnessChallenge,INF032,USER45520,Kids Nutrition,2024-10-15,8,163.00262307251828
YouTube,FitnessChallenge,INF003,USER80329,Weight Gainer,2024-02-05,5,391.93883392047
YouTube,NewYearPromo,INF049,USER79386,Vitamins,2024-12-05,4,260.0883364614344
TikTok,NewYearPromo,INF044,USER40196,Weight Gainer,2024-12-19,2,116.26607228720074
Twitter,SummerSale,INF018,USER59731,Protein Powder,2024-10-29,2,199.3160920657814
TikTok,FitnessChallenge,INF044,USER54938,Weight Gainer,2024-02-26,1,153.42509812410248
TikTok,NewYearPromo,INF035,USER33972,Protein Powder,2024-09-14,7,464.40940943201787
YouTube,FitnessChallenge,INF037,USER84982,Kids Nutrition,2024-11-15,3,201.83368629513984
Instagram,FitnessChallenge,INF027,USER83761,Weight Gainer,2024-11-08,6,370.3761968056062
Twitter,FitnessChallenge,INF040,USER52435,Vitamins,2024-01-24,1,365.96511390621646
TikTok,SummerSale,INF043,USER62587,Kids Nutrition,2024-05-01,9,217.11454405280978
TikTok,FitnessChallenge,INF035,USER15192,Vitamins,2024-08-12,2,263.36233889620325
YouTube,NewYearPromo,INF039,USER34801,Weight Gainer,2024-09-05,4,61.01825897667674
Instagram,NewYearPromo,INF038,USER26338,Protein Powder,2024-10-08,9,205.45999307574814
YouTube,FitnessChallenge,INF049,USER77816,Kids Nutrition,2024-01-01,2,274.8362129721016
Instagram,FitnessChallenge,INF016,USER43717,Protein Powder,2024-04-16,6,68.76692756282378
YouTube,SummerSale,INF039,USER83270,Kids Nutrition,2024-08-16,6,332.7810945199298
YouTube,FitnessChallenge,INF026,USER87614,Protein Powder,2024-08-24,7,326.57845629189507
Instagram,FitnessChallenge,INF029,USER90909,Kids Nutrition,2024-05-14,8,186.84590275274488
Instagram,SummerSale,INF023,USER72498,Vitamins,2024-02-04,1,227.2103377433708
Twitter,SummerSale,INF042,USER96040,Vitamins,2024-01-05,6,214.90493842081793
TikTok,NewYearPromo,INF043,USER14410,Kids Nutrition,2024-06-14,2,339.62089963775327
Instagram,FitnessChallenge,INF034,USER57718,Vitamins,2024-09-22,5,485.56945204391405
YouTube,SummerSale,INF019,USER93249,Vitamins,2024-01-30,8,394.64631508535604
TikTok,SummerSale,INF044,USER25550,Vitamins,2024-12-18,3,367.67368559213656
YouTube,FitnessChallenge,INF012,USER55489,Protein Powder,2024-09-02,8,455.7115755635715
Instagram,SummerSale,INF034,USER81174,Vitamins,2024-02-13,1,499.9643212688503
Instagram,SummerSale,INF016,USER11371,Weight Gainer,2024-03-11,7,378.8224007465858
YouTube,SummerSale,INF041,USER12661,Protein Powder,2024-07-27,7,302.90273902742945
Instagram,NewYearPromo,INF016,USER58303,Vitamins,2024-01-07,6,495.482496920896
TikTok,FitnessChallenge,INF006,USER12394,Kids Nutrition,2024-12-15,1,66.8977756962143
Twitter,SummerSale,INF042,USER49101,Weight Gainer,2024-12-18,8,418.17586852510846
YouTube,FitnessChallenge,INF019,USER77008,Weight Gainer,2024-06-16,7,267.0260162996165
TikTok,FitnessChallenge,INF043,USER97857,Kids Nutrition,2024-07-12,8,486.4826060702264
YouTube,SummerSale,INF012,USER70862,Protein Powder,2024-01-28,3,299.25406618462796
Instagram,FitnessChallenge,INF016,USER32787,Kids Nutrition,2024-12-20,6,422.53334090524265
Instagram,NewYearPromo,INF034,USER38860,Vitamins,2024-12-26,9,430.0687256607099
Twitter,NewYearPromo,INF032,USER43609,Weight Gainer,2024-02-05,3,192.9496980936772
Instagram,SummerSale,INF046,USER66849,Vitamins,2024-12-09,5,419.2081980390809
Instagram,FitnessChallenge,INF016,USER10033,Kids Nutrition,2024-08-21,6,249.40931276069256
TikTok,SummerSale,INF017,USER59656,Protein Powder,2024-04-09,8,371.79943274927626
YouTube,NewYearPromo,INF049,USER67739,Vitamins,2024-12-02,1,351.76093909338005
YouTube,NewYearPromo,INF004,USER72547,Protein Powder,2024-06-04,7,201.12420145888441
Instagram,FitnessChallenge,INF007,USER53335,Protein Powder,2024-06-01,5,300.5877008520166
YouTube,SummerSale,INF041,USER49807,Protein Powder,2024-07-27,2,151.5403104351918
YouTube,SummerSale,INF024,USER70162,Vitamins,2024-08-14,3,396.6742715520332
YouTube,NewYearPromo,INF012,USER13905,Weight Gainer,2024-01-09,9,245.850567909922
YouTube,FitnessChallenge,INF004,USER55513,Vitamins,2024-04-01,2,64.43678414372191
Twitter,SummerSale,INF000,USER11452,Weight Gainer,2024-10-18,5,437.9202122261798
YouTube,NewYearPromo,INF049,USER59539,Kids Nutrition,2024-02-11,2,291.81917335543505
YouTube,NewYearPromo,INF036,USER45621,Kids Nutrition,2024-06-01,1,136.33899271182338
YouTube,SummerSale,INF019,USER37806,Vitamins,2024-08-27,5,180.13120282890952
Instagram,SummerSale,INF013,USER48615,Kids Nutrition,2024-07-03,3,189.1780575005203
Instagram,SummerSale,INF045,USER81692,Weight Gainer,2024-07-16,1,242.57487461835788
YouTube,FitnessChallenge,INF041,USER96494,Weight Gainer,2024-03-30,1,374.0350996829432
Instagram,FitnessChallenge,INF031,USER29447,Vitamins,2024-01-19,5,400.4094461460685
TikTok,SummerSale,INF035,USER85126,Kids Nutrition,2024-12-11,2,68.8376448473726
Instagram,FitnessChallenge,INF046,USER85782,Weight Gainer,2024-10-28,6,89.05110258442883
Instagram,FitnessChallenge,INF005,USER75738,Weight Gainer,2024-11-02,6,327.9495090897083
YouTube,FitnessChallenge,INF039,USER80141,Protein Powder,2024-11-18,7,63.47839726566658
Twitter,NewYearPromo,INF018,USER33298,Vitamins,2024-11-16,4,310.3726846760931
YouTube,FitnessChallenge,INF004,USER21737,Weight Gainer,2024-05-12,8,168.8129201705127
TikTok,FitnessChallenge,INF001,USER23117,Weight Gainer,2024-07-19,1,467.22596030290316
Instagram,SummerSale,INF025,USER93877,Weight Gainer,2024-10-28,8,434.52901595914074
YouTube,SummerSale,INF024,USER45969,Vitamins,2024-10-27,6,251.804571075863
Twitter,FitnessChallenge,INF028,USER23562,Protein Powder,2024-06-10,3,136.4284841967667
TikTok,NewYearPromo,INF017,USER51300,Weight Gainer,2024-07-06,8,99.57609337355933
TikTok,FitnessChallenge,INF035,USER60445,Protein Powder,2024-07-13,4,349.970962513288
YouTube,FitnessChallenge,INF048,USER77929,Weight Gainer,2024-12-07,4,142.10804636967785
YouTube,FitnessChallenge,INF030,USER42728,Protein Powder,2024-08-22,2,386.7541551433675
Instagram,NewYearPromo,INF014,USER61527,Vitamins,2024-09-01,4,471.17688168808724
Twitter,FitnessChallenge,INF028,USER48776,Protein Powder,2024-12-24,6,437.2489640237116
YouTube,SummerSale,INF030,USER34041,Kids Nutrition,2024-01-14,8,358.1599742515268
TikTok,FitnessChallenge,INF035,USER27103,Weight Gainer,2024-10-14,9,264.02466459558286
Instagram,FitnessChallenge,INF029,USER72270,Kids Nutrition,2024-08-16,6,139.85530905485382
Instagram,NewYearPromo,INF025,USER71749,Kids Nutrition,2024-01-16,2,157.61555141636
Twitter,SummerSale,INF047,USER55664,Protein Powder,2024-03-12,5,416.1598732469575
YouTube,SummerSale,INF037,USER63581,Weight Gainer,2024-04-13,1,483.52845996981466
Instagram,FitnessChallenge,INF034,USER82799,Kids Nutrition,2024-01-21,5,125.81782451992008
Twitter,NewYearPromo,INF028,USER91859,Vitamins,2024-02-26,2,124.87744611399192
YouTube,NewYearPromo,INF041,USER63839,Kids Nutrition,2024-10-20,5,275.450739120858
YouTube,NewYearPromo,INF003,USER28574,Weight Gainer,2024-02-06,8,312.66140259743486
YouTube,NewYearPromo,INF012,USER46547,Protein Powder,2024-08-02,5,451.24598749201675
Twitter,NewYearPromo,INF000,USER86604,Vitamins,2024-01-27,9,356.83518493293707
Instagram,NewYearPromo,INF007,USER62187,Protein Powder,2024-09-01,9,80.87160011594639
Instagram,SummerSale,INF025,USER67376,Vitamins,2024-09-14,9,177.7000491981845
YouTube,NewYearPromo,INF039,USER99860,Kids Nutrition,2024-08-12,8,439.1607511935388
Instagram,SummerSale,INF007,USER46483,Kids Nutrition,2024-05-26,1,411.1873176797049
YouTube,FitnessChallenge,INF026,USER15137,Kids Nutrition,2024-09-09,4,215.1625330374723
TikTok,SummerSale,INF017,USER66681,Protein Powder,2024-06-26,9,183.72506175145972
Twitter,SummerSale,INF032,USER25647,Vitamins,2024-10-18,4,302.0161372440828
Instagram,SummerSale,INF016,USER39254,Kids Nutrition,2024-02-13,9,438.02255387818985
Instagram,FitnessChallenge,INF016,USER55344,Protein Powder,2024-11-06,9,82.56966503982285
Instagram,SummerSale,INF023,USER79555,Weight Gainer,2024-12-30,3,160.81999383864303
Twitter,SummerSale,INF008,USER73375,Protein Powder,2024-01-24,7,495.48823496149856
YouTube,FitnessChallenge,INF003,USER66341,Weight Gainer,2024-07-13,9,52.10478736954486
TikTok,SummerSale,INF001,USER66941,Protein Powder,2024-07-29,9,172.44266618531316
TikTok,FitnessChallenge,INF006,USER55916,Kids Nutrition,2024-02-25,4,443.19950748928414
Instagram,SummerSale,INF021,USER80474,Weight Gainer,2024-08-09,4,184.08893329206538
Instagram,SummerSale,INF007,USER72607,Kids Nutrition,2024-07-27,2,354.58024298472213
Twitter,NewYearPromo,INF033,USER83815,Vitamins,2024-05-06,4,336.20766312741154
Twitter,FitnessChallenge,INF047,USER60519,Kids Nutrition,2024-05-20,4,454.60040439593234
Twitter,NewYearPromo,INF032,USER59928,Protein Powder,2024-10-03,4,414.4337925009153
YouTube,NewYearPromo,INF003,USER81925,Vitamins,2024-12-21,4,456.2172452059224
TikTok,SummerSale,INF006,USER61669,Kids Nutrition,2024-03-04,6,363.41761180753997
YouTube,NewYearPromo,INF019,USER85313,Vitamins,2024-03-19,5,470.61639312587977
YouTube,SummerSale,INF002,USER17860,Weight Gainer,2024-08-06,9,359.27761127745475
Instagram,NewYearPromo,INF022,USER81805,Kids Nutrition,2024-06-28,4,176.2728898620557
Twitter,SummerSale,INF040,USER87567,Kids Nutrition,2024-10-18,1,351.2942306245474
YouTube,SummerSale,INF041,USER40490,Kids Nutrition,2024-02-13,7,486.7222054694177
YouTube,FitnessChallenge,INF012,USER98692,Protein Powder,2024-09-21,9,491.055910398937
Twitter,SummerSale,INF008,USER13077,Protein Powder,2024-06-12,3,376.20209252862185
Instagram,FitnessChallenge,INF005,USER78985,Protein Powder,2024-01-14,3,204.8731625968531
Twitter,FitnessChallenge,INF033,USER28118,Protein Powder,2024-11-16,5,56.84356859649415
YouTube,SummerSale,INF019,USER23192,Weight Gainer,2024-06-18,1,305.1141088068217
Instagram,NewYearPromo,INF038,USER68607,Protein Powder,2024-06-29,7,119.55874512404607
YouTube,NewYearPromo,INF037,USER79247,Weight Gainer,2024-11-24,5,401.2793559941242
Instagram,NewYearPromo,INF046,USER37567,Kids Nutrition,2024-12-03,5,168.80748474558152
TikTok,NewYearPromo,INF020,USER70166,Weight Gainer,2024-01-15,2,286.97256597262907
YouTube,NewYearPromo,INF036,USER12623,Weight Gainer,2024-05-31,4,454.03548766648885
TikTok,NewYearPromo,INF020,USER77626,Kids Nutrition,2024-08-05,2,184.27622322664115
YouTube,NewYearPromo,INF041,USER37551,Kids Nutrition,2024-11-08,2,409.0781542685164
YouTube,NewYearPromo,INF030,USER54690,Vitamins,2024-03-29,1,165.1974727354576
Instagram,FitnessChallenge,INF025,USER96081,Kids Nutrition,2024-08-10,6,211.86348657975597
Instagram,FitnessChallenge,INF029,USER12460,Weight Gainer,2024-08-12,7,277.80068657123223
TikTok,FitnessChallenge,INF006,USER26298,Kids Nutrition,2024-11-28,3,261.70275611272865
YouTube,SummerSale,INF002,USER29877,Protein Powder,2024-01-13,3,431.87307207765764
Twitter,FitnessChallenge,INF042,USER37389,Vitamins,2024-05-26,8,189.78367080350446
YouTube,SummerSale,INF024,USER42634,Weight Gainer,2024-07-05,3,369.5615326419665
Instagram,SummerSale,INF045,USER73656,Weight Gainer,2024-01-02,5,220.21189643035117
Instagram,SummerSale,INF021,USER63017,Protein Powder,2024-10-14,1,309.2188002303424
YouTube,FitnessChallenge,INF039,USER64984,Weight Gainer,2024-10-17,6,183.11592280008406
Instagram,FitnessChallenge,INF046,USER64291,Protein Powder,2024-02-08,1,89.53463656033935
YouTube,NewYearPromo,INF030,USER63761,Vitamins,2024-01-30,4,461.9184401473554
Instagram,FitnessChallenge,INF022,USER67688,Kids Nutrition,2024-12-02,7,212.77413355377715
Instagram,SummerSale,INF021,USER54033,Kids Nutrition,2024-06-12,1,379.8628921890041
Instagram,SummerSale,INF031,USER44029,Kids Nutrition,2024-03-28,4,74.50255906577527
Instagram,SummerSale,INF005,USER73762,Kids Nutrition,2024-09-02,3,345.336267080938
YouTube,SummerSale,INF024,USER71415,Kids Nutrition,2024-12-29,4,460.54543652330125
Instagram,NewYearPromo,INF014,USER77786,Kids Nutrition,2024-12-01,9,476.6048635697357
TikTok,FitnessChallenge,INF001,USER58873,Kids Nutrition,2024-06-08,5,281.07475202747577
Instagram,NewYearPromo,INF014,USER50698,Weight Gainer,2024-09-07,1,72.75720688833528
Instagram,SummerSale,INF027,USER70802,Protein Powder,2024-08-27,8,348.92513754166856
Twitter,SummerSale,INF040,USER27527,Vitamins,2024-06-06,8,92.65761309511944
TikTok,FitnessChallenge,INF017,USER12284,Kids Nutrition,2024-06-25,3,176.96832803501167
Instagram,NewYearPromo,INF016,USER50961,Kids Nutrition,2024-07-02,6,455.90184232100904
Twitter,SummerSale,INF028,USER84401,Vitamins,2024-04-10,5,406.34552692383716
TikTok,NewYearPromo,INF001,USER56856,Protein Powder,2024-02-04,1,142.97194828718673
YouTube,FitnessChallenge,INF002,USER38819,Protein Powder,2024-10-25,3,437.88250961675504
Instagram,SummerSale,INF025,USER68926,Kids Nutrition,2024-12-09,6,249.62153605951994
TikTok,SummerSale,INF020,USER39694,Kids Nutrition,2024-03-24,8,114.83516192221927
Twitter,FitnessChallenge,INF008,USER97090,Weight Gainer,2024-03-25,2,229.51648410409584
Instagram,SummerSale,INF014,USER69405,Weight Gainer,2024-12-18,8,459.3645325861592
TikTok,FitnessChallenge,INF020,USER60549,Vitamins,2024-07-28,8,375.4445106898126
YouTube,FitnessChallenge,INF026,USER73154,Protein Powder,2024-07-23,8,212.86610359684687
Instagram,NewYearPromo,INF013,USER98612,Kids Nutrition,2024-10-30,1,283.62634397927167
YouTube,SummerSale,INF030,USER27738,Vitamins,2024-02-15,5,429.3650678169343
Twitter,SummerSale,INF033,USER96645,Kids Nutrition,2024-05-18,4,330.38787196574896
YouTube,NewYearPromo,INF012,USER51005,Weight Gainer,2024-11-01,3,381.4619933245676
Instagram,SummerSale,INF029,USER19140,Vitamins,2024-03-29,1,95.39689812095199
YouTube,SummerSale,INF003,USER82340,Protein Powder,2024-04-28,6,377.38417741099533
YouTube,NewYearPromo,INF041,USER96626,Weight Gainer,2024-06-23,5,191.58750142332113
TikTok,NewYearPromo,INF035,USER46371,Vitamins,2024-05-25,7,296.87411903781526
Instagram,NewYearPromo,INF025,USER37087,Kids Nutrition,2024-01-27,6,144.69153897273839
Twitter,FitnessChallenge,INF032,USER78481,Vitamins,2024-01-12,8,238.1256685094914
YouTube,SummerSale,INF049,USER77355,Weight Gainer,2024-01-11,1,421.07459764706886
YouTube,FitnessChallenge,INF048,USER57064,Kids Nutrition,2024-05-31,6,455.5095717792864
YouTube,SummerSale,INF037,USER70857,Weight Gainer,2024-01-25,1,405.4715826054855
TikTok,NewYearPromo,INF044,USER86895,Protein Powder,2024-01-21,4,127.5655542539184
Twitter,SummerSale,INF008,USER77233,Vitamins,2024-02-23,3,376.68823130766816
YouTube,SummerSale,INF024,USER39035,Kids Nutrition,2024-02-03,3,372.22361910591115
YouTube,FitnessChallenge,INF049,USER43219,Protein Powder,2024-11-06,5,348.94242133122555
Twitter,NewYearPromo,INF032,USER80176,Kids Nutrition,2024-05-03,5,177.01635582450834
Instagram,SummerSale,INF046,USER58915,Vitamins,2024-07-19,7,360.0768130726704
Instagram,FitnessChallenge,INF029,USER29553,Vitamins,2024-10-31,5,56.717063809827465
Instagram,NewYearPromo,INF038,USER62000,Kids Nutrition,2024-04-20,4,137.49618151009662
Instagram,SummerSale,INF038,USER78214,Protein Powder,2024-10-03,3,137.95158410298941
Twitter,NewYearPromo,INF047,USER41280,Vitamins,2024-04-29,2,183.38500175502276
Instagram,NewYearPromo,INF005,USER97713,Weight Gainer,2024-01-27,1,387.74941673910973
TikTok,FitnessChallenge,INF017,USER14316,Weight Gainer,2024-12-06,5,478.79907523287335
Twitter,FitnessChallenge,INF040,USER38349,Vitamins,2024-12-30,9,200.70571425602768
YouTube,SummerSale,INF041,USER82169,Vitamins,2024-11-06,5,361.11917295866317
TikTok,FitnessChallenge,INF006,USER97025,Kids Nutrition,2024-12-05,1,312.46212741127704
Twitter,SummerSale,INF042,USER29148,Protein Powder,2024-10-27,2,283.27433852626575
Twitter,NewYearPromo,INF018,USER56793,Weight Gainer,2024-01-15,8,335.785480752259
YouTube,NewYearPromo,INF012,USER54249,Vitamins,2024-08-26,5,498.605201312142
Instagram,NewYearPromo,INF007,USER30213,Protein Powder,2024-01-31,2,54.66551396278827
Twitter,SummerSale,INF040,USER14322,Kids Nutrition,2024-02-10,4,132.94132098767562
Instagram,FitnessChallenge,INF034,USER89161,Weight Gainer,2024-01-06,1,424.4926854806706
YouTube,FitnessChallenge,INF024,USER33826,Kids Nutrition,2024-03-12,3,299.0013994947656
Twitter,NewYearPromo,INF047,USER81064,Kids Nutrition,2024-08-11,6,221.08585256399792
TikTok,NewYearPromo,INF006,USER43903,Kids Nutrition,2024-06-27,2,140.94685892027337
Instagram,NewYearPromo,INF023,USER96403,Weight Gainer,2024-07-02,9,424.47692437173004
Twitter,SummerSale,INF047,USER22460,Kids Nutrition,2024-05-09,3,163.94215963957657
YouTube,FitnessChallenge,INF002,USER38072,Vitamins,2024-02-26,7,293.97278696554775
Twitter,NewYearPromo,INF032,USER66195,Vitamins,2024-01-22,6,119.39051231682062
Instagram,FitnessChallenge,INF016,USER16531,Weight Gainer,2024-04-03,5,424.9256501988243
Twitter,SummerSale,INF000,USER23932,Kids Nutrition,2024-02-26,8,404.794597721767
Twitter,FitnessChallenge,INF008,USER83680,Vitamins,2024-08-18,2,387.71770061007584
Instagram,NewYearPromo,INF034,USER19012,Vitamins,2024-03-04,4,210.7512029549477
Instagram,NewYearPromo,INF027,USER99956,Vitamins,2024-05-03,2,143.23429924811876
TikTok,NewYearPromo,INF044,USER90568,Weight Gainer,2024-10-26,1,106.47394621162506
TikTok,FitnessChallenge,INF006,USER12345,Kids Nutrition,2024-08-15,9,459.2891263481789
Instagram,FitnessChallenge,INF027,USER40570,Protein Powder,2024-06-09,5,431.3849345179989
Instagram,NewYearPromo,INF016,USER35750,Kids Nutrition,2024-11-02,7,392.7683449915572
Instagram,FitnessChallenge,INF031,USER74832,Weight Gainer,2024-03-06,3,129.27549982151436
Instagram,SummerSale,INF005,USER33633,Vitamins,2024-03-05,3,458.061201361146
TikTok,NewYearPromo,INF006,USER87590,Kids Nutrition,2024-08-25,9,395.9634027508568
Twitter,FitnessChallenge,INF018,USER64335,Weight Gainer,2024-08-10,5,302.6159741820183
YouTube,NewYearPromo,INF019,USER50490,Kids Nutrition,2024-09-27,1,105.29312802542844
Instagram,FitnessChallenge,INF031,USER70561,Protein Powder,2024-05-22,2,216.8987238000931
Twitter,SummerSale,INF015,USER79010,Protein Powder,2024-06-16,2,222.59169977260464
Twitter,NewYearPromo,INF010,USER60634,Vitamins,2024-06-29,3,167.3424853512254
Twitter,NewYearPromo,INF008,USER54126,Weight Gainer,2024-01-27,6,499.0030559158956
Instagram,FitnessChallenge,INF005,USER88255,Protein Powder,2024-11-10,6,370.06404966975384
YouTube,SummerSale,INF024,USER16932,Protein Powder,2024-11-07,6,305.62078757689335
TikTok,NewYearPromo,INF017,USER96957,Protein Powder,2024-10-18,1,383.7284666371079
Instagram,FitnessChallenge,INF027,USER41622,Protein Powder,2024-02-12,8,204.72177391935116
Instagram,FitnessChallenge,INF016,USER26416,Kids Nutrition,2024-08-09,4,138.07741243592733
YouTube,NewYearPromo,INF004,USER10132,Protein Powder,2024-10-30,6,406.53681522845113
Instagram,FitnessChallenge,INF005,USER58805,Weight Gainer,2024-08-14,1,368.8125708647813
YouTube,SummerSale,INF037,USER39353,Protein Powder,2024-07-10,3,106.46724906365174
YouTube,SummerSale,INF026,USER24605,Weight Gainer,2024-07-02,8,324.02087782457255
Instagram,SummerSale,INF014,USER41928,Weight Gainer,2024-10-09,2,455.86853816845615
Instagram,SummerSale,INF045,USER82159,Kids Nutrition,2024-07-15,6,225.52029109267517
Instagram,FitnessChallenge,INF029,USER23839,Protein Powder,2024-08-23,5,408.5712366678943
TikTok,NewYearPromo,INF011,USER70856,Vitamins,2024-04-10,5,273.1451270796906
YouTube,FitnessChallenge,INF012,USER69011,Weight Gainer,2024-04-14,9,308.6580046691726
Twitter,NewYearPromo,INF032,USER44697,Weight Gainer,2024-02-09,9,384.1220868107975
TikTok,SummerSale,INF001,USER72214,Kids Nutrition,2024-10-04,8,423.3749978427549
YouTube,FitnessChallenge,INF049,USER99591,Weight Gainer,2024-03-07,5,238.31792005483567
YouTube,SummerSale,INF004,USER83880,Protein Powder,2024-03-10,2,420.1339848026846
Instagram,FitnessChallenge,INF007,USER10279,Vitamins,2024-09-06,8,63.845646637664984
Instagram,FitnessChallenge,INF022,USER37846,Vitamins,2024-10-16,1,356.70962442908245
Instagram,SummerSale,INF021,USER31460,Weight Gainer,2024-04-25,6,207.94581983077913
TikTok,FitnessChallenge,INF017,USER34868,Protein Powder,2024-07-10,1,165.2840760342769
YouTube,NewYearPromo,INF037,USER15438,Vitamins,2024-02-19,4,330.8269940427366
Instagram,NewYearPromo,INF014,USER61988,Kids Nutrition,2024-04-17,6,384.46261788538067
YouTube,FitnessChallenge,INF003,USER49437,Vitamins,2024-01-04,5,157.2623422929819
Instagram,FitnessChallenge,INF021,USER19952,Vitamins,2024-06-01,9,227.32022565254098
Instagram,NewYearPromo,INF022,USER93226,Kids Nutrition,2024-07-15,8,438.3582097862686
Twitter,SummerSale,INF000,USER33830,Kids Nutrition,2024-01-05,2,148.71662029942667
YouTube,SummerSale,INF041,USER59613,Weight Gainer,2024-11-18,7,182.5527719360068
Twitter,FitnessChallenge,INF033,USER35479,Vitamins,2024-06-27,5,220.2619473614516
YouTube,NewYearPromo,INF041,USER18550,Protein Powder,2024-07-07,7,159.64145204892344
Instagram,NewYearPromo,INF013,USER19837,Kids Nutrition,2024-08-03,5,285.29645497813203
TikTok,FitnessChallenge,INF044,USER30775,Vitamins,2024-10-26,7,377.7361983926873
TikTok,FitnessChallenge,INF043,USER10043,Vitamins,2024-09-13,3,108.46449990123313
YouTube,NewYearPromo,INF004,USER55015,Protein Powder,2024-06-15,9,139.4648470691285
Twitter,FitnessChallenge,INF009,USER69564,Weight Gainer,2024-04-07,6,96.23149028036471
Instagram,SummerSale,INF034,USER46632,Protein Powder,2024-03-29,7,263.6941201796824
TikTok,SummerSale,INF043,USER18095,Kids Nutrition,2024-11-23,7,427.93209884286836
Twitter,NewYearPromo,INF047,USER15721,Kids Nutrition,2024-04-04,8,136.06979754658693
Twitter,FitnessChallenge,INF015,USER86991,Weight Gainer,2024-12-23,8,103.24129749711491
Instagram,NewYearPromo,INF027,USER35679,Kids Nutrition,2024-02-27,6,271.5528077955912
Instagram,SummerSale,INF025,USER22855,Weight Gainer,2024-01-22,4,63.05295790601648
Twitter,NewYearPromo,INF018,USER55800,Protein Powder,2024-12-09,3,460.9549721235589
Twitter,SummerSale,INF008,USER96694,Protein Powder,2024-11-01,5,124.55179335482023
YouTube,FitnessChallenge,INF048,USER94225,Kids Nutrition,2024-07-03,8,250.68009636905202
TikTok,NewYearPromo,INF011,USER44283,Protein Powder,2024-04-01,9,202.28451263831454
YouTube,FitnessChallenge,INF041,USER13396,Kids Nutrition,2024-03-15,1,267.02455184433035
Instagram,SummerSale,INF021,USER98790,Kids Nutrition,2024-05-19,3,367.43426552643564
Instagram,NewYearPromo,INF038,USER69072,Weight Gainer,2024-07-26,9,445.95555132442263
Instagram,NewYearPromo,INF034,USER26867,Kids Nutrition,2024-11-27,1,249.05095135582093
Twitter,SummerSale,INF009,USER71707,Weight Gainer,2024-05-04,9,198.23190778175902
Instagram,FitnessChallenge,INF007,USER87003,Protein Powder,2024-08-02,7,321.90851939864973
YouTube,SummerSale,INF003,USER24163,Weight Gainer,2024-06-21,6,341.16244108939554
YouTube,SummerSale,INF004,USER82491,Kids Nutrition,2024-01-30,4,250.18926011748678
Twitter,FitnessChallenge,INF040,USER22528,Kids Nutrition,2024-08-31,6,305.01089447620313
TikTok,FitnessChallenge,INF020,USER44372,Weight Gainer,2024-10-14,6,195.29913225456244
Instagram,NewYearPromo,INF031,USER39412,Kids Nutrition,2024-06-13,5,343.8260781220094
YouTube,SummerSale,INF041,USER33562,Weight Gainer,2024-11-21,4,146.2113655270161
Instagram,SummerSale,INF034,USER65842,Kids Nutrition,2024-09-30,7,365.1572796128093
Twitter,FitnessChallenge,INF015,USER18909,Vitamins,2024-05-02,2,407.71336370227556
YouTube,FitnessChallenge,INF003,USER34319,Protein Powder,2024-01-06,7,100.53543748435332
YouTube,FitnessChallenge,INF048,USER36951,Kids Nutrition,2024-09-23,5,327.0173394713364
TikTok,SummerSale,INF011,USER17437,Weight Gainer,2024-02-23,7,364.29533258244203
YouTube,FitnessChallenge,INF030,USER49256,Vitamins,2024-06-17,6,214.41220455491347
Twitter,SummerSale,INF040,USER30239,Protein Powder,2024-03-18,4,267.2805699533003
YouTube,FitnessChallenge,INF002,USER24225,Protein Powder,2024-11-20,5,63.094826352638066
YouTube,SummerSale,INF048,USER66880,Kids Nutrition,2024-12-02,1,453.5749839819952
Instagram,NewYearPromo,INF007,USER58779,Kids Nutrition,2024-03-02,7,240.4882770667086
Instagram,FitnessChallenge,INF022,USER68190,Vitamins,2024-07-28,1,117.8532571685269
TikTok,NewYearPromo,INF001,USER40821,Protein Powder,2024-03-17,8,316.0530446177747
Instagram,NewYearPromo,INF022,USER84303,Weight Gainer,2024-03-04,8,412.93976422351926
TikTok,SummerSale,INF020,USER13277,Protein Powder,2024-12-14,2,168.0639800423055
Twitter,SummerSale,INF032,USER24687,Weight Gainer,2024-10-01,2,336.50498838483486
Twitter,NewYearPromo,INF040,USER97582,Vitamins,2024-02-24,4,167.13727819267265
Instagram,NewYearPromo,INF005,USER57905,Weight Gainer,2024-11-14,6,373.525724162763
YouTube,SummerSale,INF019,USER46728,Kids Nutrition,2024-01-23,5,323.8769937667536
Twitter,FitnessChallenge,INF000,USER12584,Protein Powder,2024-09-07,9,342.2245496639857
TikTok,SummerSale,INF006,USER70776,Kids Nutrition,2024-01-22,9,205.6752345069232
Instagram,FitnessChallenge,INF007,USER87024,Vitamins,2024-07-03,4,493.9830553671343
Twitter,NewYearPromo,INF018,USER89480,Vitamins,2024-01-25,9,293.87121940675297
YouTube,FitnessChallenge,INF048,USER31426,Kids Nutrition,2024-01-01,9,460.28360069001724
YouTube,NewYearPromo,INF004,USER11110,Vitamins,2024-05-27,8,458.234447683559
Instagram,SummerSale,INF022,USER37922,Protein Powder,2024-08-25,9,175.43306490067238
YouTube,FitnessChallenge,INF026,USER79654,Protein Powder,2024-08-09,1,157.93245936127636
YouTube,SummerSale,INF019,USER22943,Weight Gainer,2024-10-28,4,433.4125215285027
YouTube,FitnessChallenge,INF049,USER65511,Weight Gainer,2024-05-14,1,433.4095795185135
YouTube,FitnessChallenge,INF004,USER76184,Vitamins,2024-01-13,4,217.76589870481556
Twitter,NewYearPromo,INF015,USER37133,Vitamins,2024-06-07,8,316.18698388558994
YouTube,SummerSale,INF012,USER57633,Protein Powder,2024-06-18,4,263.6693762247936
YouTube,FitnessChallenge,INF041,USER20461,Protein Powder,2024-10-10,1,371.6866410319826
Twitter,FitnessChallenge,INF047,USER93586,Protein Powder,2024-11-15,3,321.70871879883396
Twitter,NewYearPromo,INF047,USER67585,Protein Powder,2024-08-29,8,205.3093034784166
Instagram,SummerSale,INF029,USER94851,Weight Gainer,2024-05-01,9,313.794250045217
YouTube,SummerSale,INF039,USER70442,Protein Powder,2024-09-18,7,257.4450097632806
YouTube,FitnessChallenge,INF003,USER82442,Vitamins,2024-02-11,3,327.5895958168243
YouTube,NewYearPromo,INF049,USER76427,Protein Powder,2024-07-13,4,77.52825540926837
Twitter,SummerSale,INF040,USER31353,Kids Nutrition,2024-08-11,3,230.55655781940592
YouTube,SummerSale,INF039,USER82012,Protein Powder,2024-11-05,5,456.75660954035607
YouTube,NewYearPromo,INF026,USER37171,Protein Powder,2024-02-03,8,212.59568528778837
YouTube,SummerSale,INF024,USER25209,Weight Gainer,2024-12-12,4,327.1392202151517
Twitter,FitnessChallenge,INF018,USER12561,Weight Gainer,2024-08-27,8,377.63924019572937
Instagram,NewYearPromo,INF045,USER66181,Vitamins,2024-06-30,7,113.35284971273015
YouTube,FitnessChallenge,INF041,USER54262,Kids Nutrition,2024-02-02,1,317.7200335455628
Instagram,NewYearPromo,INF046,USER48882,Kids Nutrition,2024-08-14,6,224.36606689721003
YouTube,SummerSale,INF041,USER73537,Kids Nutrition,2024-07-26,8,389.46245564456245
Twitter,FitnessChallenge,INF009,USER97827,Vitamins,2024-03-05,1,488.1779449226775
Twitter,SummerSale,INF040,USER49338,Weight Gainer,2024-08-03,9,418.2976439885895
TikTok,NewYearPromo,INF044,USER47200,Protein Powder,2024-07-24,4,459.2043457511293
Instagram,NewYearPromo,INF027,USER64770,Weight Gainer,2024-11-12,4,89.45207752363197
Instagram,NewYearPromo,INF016,USER83257,Kids Nutrition,2024-04-01,2,292.5901732769762
Instagram,SummerSale,INF025,USER79124,Protein Powder,2024-06-22,5,278.3566230187902
Twitter,SummerSale,INF015,USER19412,Kids Nutrition,2024-01-06,6,103.6777496506383
TikTok,FitnessChallenge,INF044,USER94532,Vitamins,2024-02-01,7,306.09339622728595
Twitter,FitnessChallenge,INF010,USER12940,Protein Powder,2024-07-04,4,201.79624089681184
TikTok,FitnessChallenge,INF017,USER55984,Vitamins,2024-11-27,9,77.01123347700158
TikTok,SummerSale,INF011,USER97747,Protein Powder,2024-11-23,2,120.29757645037064
TikTok,SummerSale,INF020,USER47619,Protein Powder,2024-07-01,7,129.56943659704604
Instagram,SummerSale,INF029,USER14825,Weight Gainer,2024-04-23,5,236.35973946733102
YouTube,SummerSale,INF003,USER98072,Vitamins,2024-01-15,5,269.01844264352627
Instagram,FitnessChallenge,INF007,USER83161,Protein Powder,2024-04-28,5,146.12230262383906
Twitter,NewYearPromo,INF032,USER91394,Weight Gainer,2024-06-07,5,279.5330198290698
Twitter,FitnessChallenge,INF047,USER46348,Protein Powder,2024-02-04,4,203.2897895934681
Instagram,SummerSale,INF027,USER14128,Weight Gainer,2024-01-28,6,283.0683273987158
Twitter,SummerSale,INF009,USER83209,Kids Nutrition,2024-02-10,3,222.02400427480327
YouTube,FitnessChallenge,INF037,USER77800,Vitamins,2024-12-05,2,310.9543438371275
YouTube,SummerSale,INF048,USER71269,Weight Gainer,2024-12-01,8,335.1121025682692
Instagram,SummerSale,INF034,USER84900,Kids Nutrition,2024-08-22,1,320.3738231008206
YouTube,FitnessChallenge,INF002,USER40891,Protein Powder,2024-10-19,9,191.00331000430015
Instagram,SummerSale,INF005,USER28909,Vitamins,2024-04-14,3,119.1826345710367
YouTube,FitnessChallenge,INF048,USER17995,Weight Gainer,2024-08-01,9,453.44585728961124
Instagram,SummerSale,INF021,USER28933,Weight Gainer,2024-11-17,8,160.38692832550493
Instagram,FitnessChallenge,INF013,USER17788,Protein Powder,2024-01-14,5,352.2592785624485
YouTube,FitnessChallenge,INF030,USER16475,Vitamins,2024-02-04,6,297.7010186422305
TikTok,SummerSale,INF044,USER70006,Kids Nutrition,2024-01-19,5,91.10504002697058
TikTok,SummerSale,INF001,USER39930,Kids Nutrition,2024-08-04,9,208.44240954844588
Instagram,SummerSale,INF038,USER59195,Kids Nutrition,2024-07-03,8,77.04563987048886
Twitter,FitnessChallenge,INF010,USER66166,Weight Gainer,2024-09-06,8,298.66228273079685
YouTube,SummerSale,INF019,USER43174,Kids Nutrition,2024-01-24,2,130.95453937574246
Twitter,NewYearPromo,INF042,USER88187,Weight Gainer,2024-08-06,2,240.95787758049377
Twitter,FitnessChallenge,INF008,USER87785,Kids Nutrition,2024-06-15,1,435.5585173279194
Instagram,SummerSale,INF005,USER19069,Kids Nutrition,2024-05-30,2,497.10317471937213
Instagram,FitnessChallenge,INF046,USER79385,Weight Gainer,2024-04-25,2,205.4746356999042
Twitter,FitnessChallenge,INF040,USER44275,Kids Nutrition,2024-10-21,6,359.5357225593498
TikTok,SummerSale,INF020,USER33763,Vitamins,2024-07-02,7,319.575718721024
TikTok,NewYearPromo,INF044,USER84664,Weight Gainer,2024-01-23,7,219.76163427963104
YouTube,NewYearPromo,INF003,USER86997,Weight Gainer,2024-04-18,4,364.9157867526376
TikTok,SummerSale,INF011,USER43239,Protein Powder,2024-07-03,7,142.1823897172641
TikTok,NewYearPromo,INF044,USER95175,Kids Nutrition,2024-11-09,3,418.1643453010956
TikTok,SummerSale,INF044,USER12745,Vitamins,2024-08-12,4,85.64771547289854
TikTok,NewYearPromo,INF043,USER43581,Protein Powder,2024-08-26,2,213.92147765577002
Instagram,NewYearPromo,INF027,USER20067,Protein Powder,2024-11-01,8,469.3944546661296
Instagram,NewYearPromo,INF034,USER37471,Weight Gainer,2024-10-06,9,234.90576949318609
Twitter,FitnessChallenge,INF018,USER13938,Vitamins,2024-04-18,9,91.51150638293689
YouTube,NewYearPromo,INF026,USER52144,Vitamins,2024-11-09,5,109.5386972087955
TikTok,FitnessChallenge,INF011,USER27343,Kids Nutrition,2024-07-26,1,138.9920029665284
Instagram,NewYearPromo,INF045,USER44144,Kids Nutrition,2024-04-15,9,67.9691602543638
Twitter,NewYearPromo,INF009,USER85832,Kids Nutrition,2024-01-14,2,176.990212969089
YouTube,FitnessChallenge,INF030,USER21594,Protein Powder,2024-10-19,5,316.255590572864
YouTube,SummerSale,INF024,USER83594,Vitamins,2024-06-19,6,66.74371412534384
YouTube,FitnessChallenge,INF036,USER79636,Protein Powder,2024-07-08,8,204.50759216531506
Instagram,NewYearPromo,INF005,USER11794,Protein Powder,2024-11-07,9,379.66891289481924
Instagram,FitnessChallenge,INF029,USER17368,Kids Nutrition,2024-10-22,8,84.27945149088802
Instagram,FitnessChallenge,INF022,USER92276,Weight Gainer,2024-05-06,5,299.622856111338
Twitter,NewYearPromo,INF042,USER90591,Vitamins,2024-04-17,1,158.11832846782693
YouTube,FitnessChallenge,INF003,USER57108,Kids Nutrition,2024-06-11,3,220.60091519967068
TikTok,SummerSale,INF020,USER91775,Kids Nutrition,2024-02-07,9,271.1330304251933
TikTok,NewYearPromo,INF017,USER16169,Weight Gainer,2024-09-06,9,476.00008766655753
YouTube,FitnessChallenge,INF041,USER90419,Weight Gainer,2024-04-04,9,485.48408510645436
TikTok,NewYearPromo,INF043,USER85513,Vitamins,2024-03-01,4,431.40821953640665
Twitter,NewYearPromo,INF040,USER73317,Vitamins,2024-03-21,4,287.35489924923274
Instagram,FitnessChallenge,INF045,USER86044,Weight Gainer,2024-07-11,1,381.97261186355223
TikTok,NewYearPromo,INF044,USER85236,Weight Gainer,2024-09-25,3,145.162707193722
Twitter,NewYearPromo,INF009,USER18552,Vitamins,2024-03-27,8,96.16658202032202
YouTube,FitnessChallenge,INF024,USER46323,Vitamins,2024-04-30,7,206.54093227032178
Twitter,FitnessChallenge,INF040,USER91938,Vitamins,2024-01-24,8,176.92793578153635
YouTube,NewYearPromo,INF036,USER53087,Weight Gainer,2024-09-24,3,358.22150337575926
Instagram,FitnessChallenge,INF034,USER10933,Weight Gainer,2024-12-16,2,274.0378381201847
YouTube,SummerSale,INF041,USER77714,Vitamins,2024-04-18,1,380.560230276287
TikTok,FitnessChallenge,INF044,USER84918,Weight Gainer,2024-12-18,4,266.8198834645916
Instagram,SummerSale,INF027,USER66717,Protein Powder,2024-03-13,8,219.31231670433348
Instagram,NewYearPromo,INF007,USER58264,Protein Powder,2024-10-07,7,222.27655452149318
Instagram,FitnessChallenge,INF021,USER77440,Weight Gainer,2024-10-11,4,411.7833343114316
YouTube,SummerSale,INF012,USER31078,Protein Powder,2024-08-25,9,341.3357575657239
YouTube,FitnessChallenge,INF012,USER18433,Weight Gainer,2024-03-12,6,105.12451979259573
TikTok,SummerSale,INF001,USER90486,Kids Nutrition,2024-03-31,3,276.7721213146009
Instagram,NewYearPromo,INF046,USER19574,Vitamins,2024-04-19,1,419.37852942214454
YouTube,SummerSale,INF026,USER87993,Protein Powder,2024-11-20,3,175.1704914482672
Instagram,FitnessChallenge,INF014,USER62712,Protein Powder,2024-03-10,5,388.067843179405
YouTube,NewYearPromo,INF039,USER84979,Weight Gainer,2024-04-10,9,177.47389440253954
YouTube,SummerSale,INF048,USER54453,Kids Nutrition,2024-03-14,6,265.55901577212273
Instagram,NewYearPromo,INF045,USER97470,Kids Nutrition,2024-05-23,6,456.57614002536695
TikTok,SummerSale,INF044,USER33331,Protein Powder,2024-10-24,1,126.33072005962683
Twitter,FitnessChallenge,INF000,USER28901,Vitamins,2024-05-31,4,253.4450592568465
Twitter,FitnessChallenge,INF000,USER31055,Vitamins,2024-12-15,1,52.48744548176153
Twitter,NewYearPromo,INF008,USER29234,Vitamins,2024-03-01,6,101.38773984794153
YouTube,SummerSale,INF019,USER24911,Weight Gainer,2024-01-14,2,317.33310625623113
Instagram,SummerSale,INF031,USER23881,Protein Powder,2024-12-08,5,51.49897016073512
Twitter,NewYearPromo,INF018,USER43472,Kids Nutrition,2024-07-26,2,73.0512605699002
Twitter,FitnessChallenge,INF032,USER80153,Protein Powder,2024-07-03,6,424.75964847400223
TikTok,FitnessChallenge,INF017,USER33127,Protein Powder,2024-02-02,1,257.6844894653955
Instagram,FitnessChallenge,INF046,USER30027,Weight Gainer,2024-03-26,8,418.0114843188792
Instagram,NewYearPromo,INF027,USER85257,Weight Gainer,2024-04-09,1,220.41056561791802
YouTube,NewYearPromo,INF049,USER26393,Protein Powder,2024-05-21,1,259.1348731438053
TikTok,NewYearPromo,INF020,USER79728,Vitamins,2024-08-29,1,75.62497991279201
Twitter,FitnessChallenge,INF018,USER73730,Protein Powder,2024-03-07,4,388.84247245937206
YouTube,FitnessChallenge,INF026,USER34663,Protein Powder,2024-01-26,6,435.6551768505592
TikTok,NewYearPromo,INF043,USER59224,Weight Gainer,2024-09-11,8,161.04141229714057
TikTok,SummerSale,INF001,USER37399,Vitamins,2024-11-29,5,309.85612269445994
YouTube,SummerSale,INF048,USER49532,Weight Gainer,2024-08-28,7,417.60488575044326
Instagram,FitnessChallenge,INF027,USER88196,Protein Powder,2024-04-28,1,359.37844170695
Instagram,SummerSale,INF007,USER64210,Protein Powder,2024-02-08,2,370.43893102629903
Twitter,NewYearPromo,INF032,USER23134,Kids Nutrition,2024-03-12,4,370.67136491875425
YouTube,SummerSale,INF030,USER23196,Kids Nutrition,2024-01-24,8,332.3390391643723
Instagram,NewYearPromo,INF029,USER69563,Vitamins,2024-01-29,9,283.56673807397203
Twitter,NewYearPromo,INF009,USER34876,Weight Gainer,2024-08-21,2,103.61933448005874
Instagram,NewYearPromo,INF045,USER46009,Protein Powder,2024-09-05,6,270.06260970372716
Twitter,NewYearPromo,INF010,USER64725,Weight Gainer,2024-08-31,4,381.0081512609638
TikTok,SummerSale,INF044,USER26611,Protein Powder,2024-04-30,7,471.38322150433265
TikTok,NewYearPromo,INF035,USER62295,Protein Powder,2024-01-30,7,411.7962942241912
TikTok,FitnessChallenge,INF001,USER59653,Protein Powder,2024-05-05,1,322.7554869628545
TikTok,NewYearPromo,INF006,USER79032,Weight Gainer,2024-02-20,8,333.6862711717514
YouTube,NewYearPromo,INF030,USER89443,Protein Powder,2024-10-24,5,410.7826821541354
Instagram,SummerSale,INF023,USER91262,Kids Nutrition,2024-01-10,1,410.77859753723567
Instagram,NewYearPromo,INF022,USER38019,Protein Powder,2024-11-13,1,329.46675329889877
Instagram,FitnessChallenge,INF027,USER47291,Kids Nutrition,2024-03-19,5,452.9039337860086
YouTube,FitnessChallenge,INF048,USER73934,Kids Nutrition,2024-05-03,2,209.4180992881245
Instagram,NewYearPromo,INF045,USER13509,Weight Gainer,2024-12-21,3,335.55990667375943
Instagram,SummerSale,INF027,USER69993,Kids Nutrition,2024-02-20,9,259.6406105178921
YouTube,SummerSale,INF049,USER95613,Kids Nutrition,2024-03-28,5,122.77570031106258
TikTok,NewYearPromo,INF011,USER90425,Protein Powder,2024-04-26,4,456.3573209807151
Twitter,NewYearPromo,INF010,USER15068,Weight Gainer,2024-08-28,3,364.0854768895743
YouTube,SummerSale,INF049,USER67250,Kids Nutrition,2024-11-05,8,54.26021424493243
Twitter,FitnessChallenge,INF047,USER82517,Protein Powder,2024-12-03,4,425.81470878633974
TikTok,NewYearPromo,INF043,USER19959,Weight Gainer,2024-11-02,2,228.4473614484073
YouTube,SummerSale,INF041,USER95204,Protein Powder,2024-05-27,3,367.2696027954666
Instagram,SummerSale,INF038,USER43392,Kids Nutrition,2024-08-11,3,292.03440520648155
Twitter,FitnessChallenge,INF018,USER63530,Kids Nutrition,2024-01-12,8,465.46565541336815
YouTube,FitnessChallenge,INF019,USER83235,Weight Gainer,2024-08-30,8,471.1380780647494
TikTok,SummerSale,INF044,USER33100,Protein Powder,2024-02-08,3,389.1985475116272
Twitter,NewYearPromo,INF032,USER90880,Vitamins,2024-04-06,5,169.90409433321645
YouTube,NewYearPromo,INF048,USER14084,Kids Nutrition,2024-11-26,6,51.509769754057686
TikTok,FitnessChallenge,INF001,USER31922,Vitamins,2024-11-28,4,243.4670293682408
YouTube,NewYearPromo,INF037,USER98004,Kids Nutrition,2024-12-17,4,383.362884635664
Twitter,FitnessChallenge,INF015,USER34753,Weight Gainer,2024-08-02,6,372.07057552233533
TikTok,NewYearPromo,INF001,USER33404,Vitamins,2024-02-16,2,353.12837157707776
YouTube,SummerSale,INF026,USER39984,Protein Powder,2024-09-07,2,489.8879427267685
YouTube,FitnessChallenge,INF036,USER76136,Kids Nutrition,2024-02-23,8,154.15492510336958
YouTube,NewYearPromo,INF003,USER50394,Kids Nutrition,2024-05-21,2,143.4642522766286
Instagram,FitnessChallenge,INF029,USER87106,Protein Powder,2024-11-25,8,90.29905337324614
Twitter,FitnessChallenge,INF010,USER32512,Kids Nutrition,2024-02-28,7,229.49852812761804
YouTube,SummerSale,INF036,USER34144,Kids Nutrition,2024-02-02,8,52.33688545470577
Twitter,FitnessChallenge,INF009,USER46927,Weight Gainer,2024-05-15,3,175.45099217738002
Instagram,NewYearPromo,INF046,USER84796,Weight Gainer,2024-07-27,7,311.5810719761007
YouTube,FitnessChallenge,INF019,USER43188,Weight Gainer,2024-01-14,7,374.54369958143997
YouTube,NewYearPromo,INF012,USER92386,Protein Powder,2024-09-08,7,404.8384011891379
Instagram,FitnessChallenge,INF016,USER84143,Weight Gainer,2024-01-21,4,243.27009531390698
Twitter,SummerSale,INF009,USER46349,Protein Powder,2024-10-24,6,451.5544372861233
YouTube,FitnessChallenge,INF012,USER14813,Kids Nutrition,2024-04-02,6,150.42136439082142
Instagram,SummerSale,INF029,USER97020,Vitamins,2024-10-21,4,198.25770412332812
Twitter,FitnessChallenge,INF042,USER98365,Weight Gainer,2024-07-19,7,489.712721599524
YouTube,NewYearPromo,INF048,USER68023,Weight Gainer,2024-09-02,7,246.34864763634565
Instagram,NewYearPromo,INF029,USER99427,Protein Powder,2024-12-01,8,148.91271346515856
YouTube,NewYearPromo,INF030,USER28176,Protein Powder,2024-03-29,8,349.0984577516462
Instagram,NewYearPromo,INF038,USER57270,Protein Powder,2024-02-20,7,438.52112128416985
Twitter,NewYearPromo,INF033,USER96417,Weight Gainer,2024-01-29,5,363.2912568847821
Instagram,FitnessChallenge,INF021,USER62986,Vitamins,2024-01-01,1,397.2457285445232
YouTube,SummerSale,INF030,USER56020,Protein Powder,2024-07-05,1,325.2889713103515
Twitter,NewYearPromo,INF008,USER72900,Weight Gainer,2024-05-09,7,89.730704003852
TikTok,NewYearPromo,INF006,USER81671,Vitamins,2024-01-20,4,233.41180124493857
TikTok,FitnessChallenge,INF044,USER70415,Protein Powder,2024-12-30,3,250.6476594979831
YouTube,NewYearPromo,INF004,USER52443,Weight Gainer,2024-06-04,1,219.0369652547379
TikTok,FitnessChallenge,INF044,USER76840,Protein Powder,2024-01-22,1,114.57956342268567
YouTube,NewYearPromo,INF002,USER71103,Weight Gainer,2024-03-02,7,374.3197039213414
YouTube,NewYearPromo,INF002,USER13350,Vitamins,2024-03-15,1,495.8520531900574
YouTube,FitnessChallenge,INF048,USER82512,Vitamins,2024-07-21,1,122.70996330187214
TikTok,SummerSale,INF017,USER87168,Weight Gainer,2024-05-24,7,420.54944477232124
TikTok,FitnessChallenge,INF006,USER95923,Weight Gainer,2024-09-30,3,237.46154297026482
TikTok,FitnessChallenge,INF011,USER70919,Kids Nutrition,2024-06-03,4,476.9417926279212
Twitter,SummerSale,INF010,USER50959,Kids Nutrition,2024-09-26,4,87.03328774738053
Twitter,SummerSale,INF008,USER39660,Protein Powder,2024-06-29,7,358.56849087393886
Instagram,FitnessChallenge,INF021,USER28131,Protein Powder,2024-11-24,3,419.69287219294887
Twitter,NewYearPromo,INF015,USER40096,Kids Nutrition,2024-01-01,7,456.35659863831523
YouTube,FitnessChallenge,INF037,USER67716,Protein Powder,2024-03-19,6,92.18970339333639
YouTube,FitnessChallenge,INF004,USER38265,Kids Nutrition,2024-09-07,7,306.18330796433077
Twitter,FitnessChallenge,INF032,USER69623,Vitamins,2024-07-10,6,53.6052096278675
Twitter,NewYearPromo,INF040,USER18513,Vitamins,2024-08-26,3,198.89446933104566
TikTok,SummerSale,INF001,USER57035,Kids Nutrition,2024-08-07,5,139.05930009627872
Instagram,NewYearPromo,INF022,USER14740,Weight Gainer,2024-09-26,7,315.0261924161437
YouTube,SummerSale,INF041,USER13277,Protein Powder,2024-09-09,4,321.41317765784504
TikTok,SummerSale,INF017,USER39974,Vitamins,2024-03-16,5,104.18139960326357
YouTube,FitnessChallenge,INF026,USER93453,Protein Powder,2024-11-21,5,183.98181086540586
Instagram,NewYearPromo,INF022,USER74106,Protein Powder,2024-03-28,8,357.67109965751484
YouTube,FitnessChallenge,INF026,USER90320,Vitamins,2024-01-13,9,472.4807410087776
TikTok,NewYearPromo,INF017,USER62590,Weight Gainer,2024-04-29,7,460.8079500668323
YouTube,SummerSale,INF037,USER72777,Weight Gainer,2024-06-15,9,468.2985965761884
Twitter,SummerSale,INF000,USER53350,Protein Powder,2024-04-08,9,471.1615393527681
YouTube,NewYearPromo,INF003,USER97555,Weight Gainer,2024-12-15,2,72.98870696154987
Twitter,NewYearPromo,INF018,USER41170,Vitamins,2024-06-06,9,144.3729246903917
TikTok,FitnessChallenge,INF044,USER60677,Weight Gainer,2024-08-07,3,326.16292637156914
TikTok,FitnessChallenge,INF035,USER42677,Weight Gainer,2024-09-25,5,135.87598954231504
Instagram,FitnessChallenge,INF007,USER86658,Protein Powder,2024-02-20,3,96.24381538665554
Twitter,SummerSale,INF040,USER38790,Kids Nutrition,2024-08-01,6,144.50293132054475
Twitter,NewYearPromo,INF047,USER79764,Protein Powder,2024-08-21,2,79.91637744693585
Twitter,FitnessChallenge,INF000,USER68870,Vitamins,2024-05-24,5,329.345856720727
YouTube,NewYearPromo,INF048,USER54141,Protein Powder,2024-07-30,3,139.18513270089696
Instagram,NewYearPromo,INF025,USER71681,Protein Powder,2024-11-24,9,424.76898859644905
TikTok,NewYearPromo,INF020,USER47447,Weight Gainer,2024-04-17,2,150.91835600850533
Instagram,FitnessChallenge,INF025,USER10606,Vitamins,2024-04-04,7,421.3234009761575
TikTok,NewYearPromo,INF011,USER70713,Vitamins,2024-11-29,5,375.24935902757113
Twitter,NewYearPromo,INF040,USER77009,Kids Nutrition,2024-02-13,7,477.248176726763
YouTube,FitnessChallenge,INF004,USER18494,Weight Gainer,2024-07-03,5,191.28305877351417
Twitter,FitnessChallenge,INF028,USER73912,Vitamins,2024-08-15,7,441.89102845849084
Instagram,NewYearPromo,INF005,USER41962,Protein Powder,2024-06-09,7,105.54327119724837
Twitter,SummerSale,INF015,USER20447,Weight Gainer,2024-08-11,6,404.3345759303639
Twitter,SummerSale,INF033,USER10957,Kids Nutrition,2024-09-23,2,347.27774055668135
Twitter,FitnessChallenge,INF028,USER76097,Vitamins,2024-01-08,7,227.45397194704472
Instagram,FitnessChallenge,INF016,USER87306,Kids Nutrition,2024-11-20,2,203.61317830817688
Instagram,FitnessChallenge,INF021,USER89639,Kids Nutrition,2024-12-23,4,177.55763195025781
TikTok,NewYearPromo,INF044,USER60459,Kids Nutrition,2024-05-01,9,260.2776635080964
Twitter,NewYearPromo,INF008,USER86934,Protein Powder,2024-02-10,8,324.196203626345
YouTube,FitnessChallenge,INF002,USER63054,Vitamins,2024-09-23,8,259.3371939731358
YouTube,NewYearPromo,INF049,USER97295,Kids Nutrition,2024-04-22,4,163.8881932929839
Instagram,FitnessChallenge,INF045,USER36189,Weight Gainer,2024-08-09,2,264.93613097367256
TikTok,NewYearPromo,INF035,USER50456,Vitamins,2024-04-06,4,136.33937058326484
Instagram,FitnessChallenge,INF007,USER32718,Kids Nutrition,2024-01-26,5,144.48782140374053
YouTube,FitnessChallenge,INF024,USER21548,Kids Nutrition,2024-05-08,7,292.36157119830864
Twitter,FitnessChallenge,INF047,USER34332,Weight Gainer,2024-01-29,9,295.0906536867943
Instagram,SummerSale,INF005,USER64845,Weight Gainer,2024-02-23,6,73.56848175848258
Twitter,NewYearPromo,INF032,USER10090,Kids Nutrition,2024-08-06,5,198.41065750954846
Instagram,FitnessChallenge,INF022,USER48752,Weight Gainer,2024-03-30,2,297.04252813566814
YouTube,FitnessChallenge,INF002,USER60561,Vitamins,2024-12-19,6,368.8568599506334
Twitter,FitnessChallenge,INF009,USER86856,Kids Nutrition,2024-11-26,4,282.195756412596
Instagram,SummerSale,INF014,USER80954,Vitamins,2024-07-02,5,477.95578248775456
YouTube,FitnessChallenge,INF041,USER64944,Weight Gainer,2024-12-26,1,214.05611211712247
Twitter,FitnessChallenge,INF008,USER10964,Protein Powder,2024-07-10,9,382.126830811477
Instagram,NewYearPromo,INF016,USER28772,Protein Powder,2024-12-30,6,132.5136270914674
YouTube,FitnessChallenge,INF003,USER48041,Weight Gainer,2024-01-02,7,308.76433741441326
Instagram,SummerSale,INF045,USER43714,Kids Nutrition,2024-01-25,5,127.97475504221543
Instagram,SummerSale,INF027,USER16282,Protein Powder,2024-04-05,2,196.6667790089441
TikTok,FitnessChallenge,INF017,USER98665,Protein Powder,2024-11-19,1,333.936559249979
Twitter,NewYearPromo,INF000,USER13317,Weight Gainer,2024-08-26,9,466.87744166306965
Twitter,SummerSale,INF009,USER69706,Vitamins,2024-10-28,6,488.57687485673665
Instagram,SummerSale,INF014,USER57872,Weight Gainer,2024-02-02,2,318.3543610196559
Twitter,SummerSale,INF042,USER98037,Vitamins,2024-12-20,2,197.11718157832948
TikTok,SummerSale,INF035,USER18964,Kids Nutrition,2024-06-11,6,497.9244771245499
Twitter,FitnessChallenge,INF028,USER39554,Weight Gainer,2024-12-13,3,448.85921257547125
Instagram,SummerSale,INF013,USER75418,Weight Gainer,2024-03-10,4,433.65185414062813
TikTok,FitnessChallenge,INF011,USER31322,Protein Powder,2024-04-16,6,178.08846895986824
Instagram,FitnessChallenge,INF014,USER52454,Protein Powder,2024-03-28,8,103.334402704801
Twitter,SummerSale,INF010,USER63280,Weight Gainer,2024-06-24,1,54.038743728484974
YouTube,FitnessChallenge,INF036,USER71691,Protein Powder,2024-10-26,5,261.432371099231
Twitter,SummerSale,INF015,USER85864,Kids Nutrition,2024-07-29,1,389.1309606269019
YouTube,NewYearPromo,INF041,USER56970,Weight Gainer,2024-10-03,4,203.57862951704337
YouTube,FitnessChallenge,INF024,USER62491,Kids Nutrition,2024-05-03,4,331.18227928665397
Twitter,FitnessChallenge,INF008,USER48956,Weight Gainer,2024-09-16,8,181.80769670000026
TikTok,FitnessChallenge,INF001,USER16747,Kids Nutrition,2024-03-20,1,374.9779007400083
Instagram,SummerSale,INF023,USER46237,Vitamins,2024-11-26,3,352.0005277582033
Instagram,NewYearPromo,INF025,USER70586,Weight Gainer,2024-02-18,2,477.5427336463098
TikTok,FitnessChallenge,INF043,USER55265,Protein Powder,2024-01-23,4,493.52095598856005
Instagram,SummerSale,INF005,USER92888,Vitamins,2024-04-30,7,113.18593682240481
TikTok,SummerSale,INF035,USER79248,Protein Powder,2024-10-23,5,360.2166866486504
Instagram,NewYearPromo,INF021,USER86721,Weight Gainer,2024-01-05,1,65.7196713125554
Twitter,NewYearPromo,INF033,USER59330,Protein Powder,2024-06-21,1,288.6811365307402
YouTube,SummerSale,INF003,USER28376,Protein Powder,2024-04-10,1,474.8619944835012
TikTok,NewYearPromo,INF011,USER79348,Vitamins,2024-04-20,9,109.8645343091581
TikTok,FitnessChallenge,INF020,USER96449,Weight Gainer,2024-06-27,3,149.17289001652057
YouTube,SummerSale,INF049,USER69272,Weight Gainer,2024-02-21,6,310.8092245212442
Twitter,NewYearPromo,INF032,USER51524,Kids Nutrition,2024-08-09,7,234.2370105356924
Instagram,SummerSale,INF007,USER73324,Protein Powder,2024-08-17,5,276.2348477647113
TikTok,SummerSale,INF017,USER67722,Weight Gainer,2024-12-19,8,296.0809959341382
Twitter,NewYearPromo,INF010,USER29781,Kids Nutrition,2024-06-05,3,172.88119333271936
Twitter,SummerSale,INF018,USER51645,Kids Nutrition,2024-08-03,2,461.8170486518027
Instagram,FitnessChallenge,INF005,USER28438,Kids Nutrition,2024-06-27,4,79.54761559359412
Instagram,NewYearPromo,INF022,USER31900,Kids Nutrition,2024-12-15,3,432.18497974302795
Twitter,NewYearPromo,INF042,USER44837,Vitamins,2024-02-23,9,407.16987677896975
Twitter,NewYearPromo,INF047,USER14769,Kids Nutrition,2024-07-19,4,65.39982913650832
Instagram,FitnessChallenge,INF031,USER52365,Kids Nutrition,2024-05-24,3,417.58943155056255
YouTube,NewYearPromo,INF049,USER53360,Kids Nutrition,2024-02-17,1,457.2934392102335
Instagram,SummerSale,INF038,USER12508,Vitamins,2024-10-21,4,395.5900388667885
YouTube,NewYearPromo,INF003,USER35611,Weight Gainer,2024-11-08,3,496.0592278380535
TikTok,FitnessChallenge,INF020,USER74481,Weight Gainer,2024-11-17,8,304.4734887145628
YouTube,NewYearPromo,INF039,USER19604,Kids Nutrition,2024-01-09,5,147.558669160185
Instagram,SummerSale,INF025,USER32849,Kids Nutrition,2024-05-08,8,86.98894380831567
YouTube,FitnessChallenge,INF039,USER83918,Kids Nutrition,2024-01-31,5,334.2229007109623
Instagram,FitnessChallenge,INF025,USER25713,Kids Nutrition,2024-06-24,8,260.57279667927946
Instagram,FitnessChallenge,INF025,USER53737,Weight Gainer,2024-05-30,9,139.38269452779872
Twitter,SummerSale,INF010,USER86328,Vitamins,2024-05-17,7,421.4288837186468
Twitter,SummerSale,INF000,USER25908,Kids Nutrition,2024-10-28,6,76.51120018821598
Instagram,NewYearPromo,INF045,USER39994,Kids Nutrition,2024-05-22,6,126.51625643456036
Instagram,FitnessChallenge,INF007,USER58159,Kids Nutrition,2024-07-31,2,186.3001910180826
YouTube,NewYearPromo,INF003,USER57215,Protein Powder,2024-07-27,2,86.25811047113037
YouTube,NewYearPromo,INF048,USER51056,Vitamins,2024-05-10,8,203.6376664785412
Instagram,SummerSale,INF021,USER17439,Kids Nutrition,2024-07-11,7,366.9608981585888
Twitter,FitnessChallenge,INF040,USER89322,Kids Nutrition,2024-08-15,3,77.68454096259987
YouTube,FitnessChallenge,INF039,USER35949,Vitamins,2024-07-08,5,437.92911426564774
YouTube,SummerSale,INF002,USER98583,Protein Powder,2024-08-04,7,425.2154099925673
YouTube,FitnessChallenge,INF024,USER63112,Vitamins,2024-03-09,7,173.57437516740708
Twitter,NewYearPromo,INF015,USER83438,Protein Powder,2024-08-31,4,317.6753644128671
Instagram,NewYearPromo,INF025,USER35940,Vitamins,2024-07-07,6,200.3842918159114
Instagram,SummerSale,INF013,USER42725,Protein Powder,2024-03-28,7,207.03277686467902
YouTube,FitnessChallenge,INF024,USER11174,Kids Nutrition,2024-04-15,5,437.59117663316704
Twitter,FitnessChallenge,INF047,USER58794,Protein Powder,2024-03-16,2,394.0281038511762
Twitter,SummerSale,INF008,USER18675,Protein Powder,2024-01-20,9,321.9354574550853
YouTube,SummerSale,INF024,USER89489,Protein Powder,2024-09-30,9,170.7105484855023
Instagram,SummerSale,INF025,USER97979,Protein Powder,2024-02-09,8,127.04267592457168
YouTube,FitnessChallenge,INF026,USER45324,Weight Gainer,2024-11-21,6,416.06775658200894
Instagram,NewYearPromo,INF029,USER87799,Vitamins,2024-12-15,6,75.79108033772987
Twitter,SummerSale,INF042,USER69407,Weight Gainer,2024-10-10,6,283.06020783578595
TikTok,SummerSale,INF011,USER77031,Weight Gainer,2024-12-30,7,308.8783428531167
TikTok,SummerSale,INF001,USER76228,Protein Powder,2024-06-01,6,479.735929066735
YouTube,FitnessChallenge,INF041,USER36609,Protein Powder,2024-12-26,5,407.59917401451776
YouTube,SummerSale,INF036,USER22599,Kids Nutrition,2024-11-16,8,222.78636872196466
YouTube,FitnessChallenge,INF003,USER23673,Kids Nutrition,2024-08-28,5,164.52744226906913
Instagram,FitnessChallenge,INF016,USER77478,Protein Powder,2024-05-20,9,264.14430150689367
YouTube,SummerSale,INF019,USER94859,Kids Nutrition,2024-05-24,4,403.83703228180116
YouTube,FitnessChallenge,INF024,USER36117,Kids Nutrition,2024-05-04,6,69.4310140870157
YouTube,NewYearPromo,INF048,USER26230,Weight Gainer,2024-12-01,1,278.5487996784211
YouTube,SummerSale,INF039,USER81928,Kids Nutrition,2024-10-09,8,425.98945394782476
Instagram,NewYearPromo,INF007,USER48899,Vitamins,2024-08-30,6,300.0793035500019
YouTube,NewYearPromo,INF037,USER55852,Protein Powder,2024-12-24,4,359.72850417389475
YouTube,FitnessChallenge,INF039,USER66474,Vitamins,2024-11-19,6,396.2953975971004
TikTok,NewYearPromo,INF020,USER54701,Kids Nutrition,2024-07-10,9,194.26121964725033
Twitter,NewYearPromo,INF010,USER49628,Vitamins,2024-01-15,8,111.72518292665097
YouTube,FitnessChallenge,INF026,USER10347,Weight Gainer,2024-01-21,3,246.14655699482438
Twitter,SummerSale,INF015,USER17201,Kids Nutrition,2024-05-08,1,211.10572822803826
Twitter,FitnessChallenge,INF032,USER79561,Weight Gainer,2024-07-27,2,261.6290848994952
TikTok,NewYearPromo,INF020,USER26871,Weight Gainer,2024-07-11,2,402.8700483835552
Instagram,NewYearPromo,INF046,USER13455,Weight Gainer,2024-06-21,1,366.3580900342119
YouTube,SummerSale,INF024,USER72532,Protein Powder,2024-03-30,3,100.66320470268892
Instagram,FitnessChallenge,INF014,USER65164,Kids Nutrition,2024-07-17,3,388.6721229055533
TikTok,SummerSale,INF044,USER59310,Protein Powder,2024-06-22,2,141.96355635887818
Twitter,FitnessChallenge,INF010,USER70662,Protein Powder,2024-02-06,6,168.38932137657036
Twitter,FitnessChallenge,INF032,USER99030,Protein Powder,2024-10-26,4,342.78986419500615
TikTok,FitnessChallenge,INF043,USER86297,Weight Gainer,2024-05-03,9,461.24213765231656
Twitter,FitnessChallenge,INF032,USER79727,Vitamins,2024-04-05,8,354.1022643881334
TikTok,SummerSale,INF043,USER41282,Kids Nutrition,2024-10-18,9,347.22274117951787
YouTube,NewYearPromo,INF030,USER54718,Protein Powder,2024-12-27,5,52.97497361487177
TikTok,NewYearPromo,INF001,USER40418,Kids Nutrition,2024-08-17,4,186.77214769426016
Instagram,NewYearPromo,INF038,USER18529,Vitamins,2024-12-07,5,171.23219239407487
Instagram,SummerSale,INF031,USER93526,Kids Nutrition,2024-01-17,1,237.6334090619633
YouTube,SummerSale,INF036,USER40622,Kids Nutrition,2024-03-30,6,117.72991896066627
Instagram,NewYearPromo,INF023,USER91612,Weight Gainer,2024-10-22,9,359.58857920307764
TikTok,FitnessChallenge,INF044,USER32933,Kids Nutrition,2024-06-19,3,192.2261489850959
Instagram,FitnessChallenge,INF029,USER21928,Vitamins,2024-04-29,1,422.80459217482496
YouTube,NewYearPromo,INF037,USER76333,Vitamins,2024-11-07,9,93.3305687350399
TikTok,SummerSale,INF044,USER45365,Kids Nutrition,2024-08-14,1,449.26425445445716
Instagram,FitnessChallenge,INF029,USER97007,Weight Gainer,2024-01-17,1,495.07117782543577
Instagram,NewYearPromo,INF014,USER98469,Kids Nutrition,2024-12-23,3,186.65959891310806
YouTube,FitnessChallenge,INF026,USER38094,Vitamins,2024-05-29,4,83.78457777561155
TikTok,FitnessChallenge,INF017,USER97770,Protein Powder,2024-08-23,4,471.03578673903615
YouTube,SummerSale,INF036,USER26569,Protein Powder,2024-08-11,5,496.7812725375322
Twitter,FitnessChallenge,INF010,USER83955,Protein Powder,2024-10-09,4,95.37313235558338
Twitter,SummerSale,INF010,USER12679,Vitamins,2024-09-14,2,272.51427546916636
Twitter,FitnessChallenge,INF028,USER69676,Protein Powder,2024-12-14,6,330.7063736059928
YouTube,NewYearPromo,INF026,USER80528,Kids Nutrition,2024-01-09,2,162.65563587746897
Twitter,NewYearPromo,INF028,USER41378,Vitamins,2024-02-18,2,376.7807599664496
Twitter,FitnessChallenge,INF033,USER44334,Protein Powder,2024-04-14,3,248.40264745534444
YouTube,NewYearPromo,INF019,USER14690,Vitamins,2024-11-16,8,210.81691365278036
Instagram,FitnessChallenge,INF023,USER36741,Weight Gainer,2024-11-05,8,52.43314131425625
YouTube,SummerSale,INF026,USER40356,Weight Gainer,2024-11-03,5,367.6687714034873
Instagram,SummerSale,INF029,USER36555,Protein Powder,2024-05-28,4,479.50731232288166
Instagram,NewYearPromo,INF034,USER17774,Protein Powder,2024-10-26,7,338.9044866984335
TikTok,FitnessChallenge,INF035,USER37003,Kids Nutrition,2024-11-29,6,281.21031702132075
YouTube,SummerSale,INF002,USER48799,Protein Powder,2024-07-13,6,340.232094555033
TikTok,FitnessChallenge,INF001,USER38984,Kids Nutrition,2024-03-13,2,300.03485625643236
YouTube,FitnessChallenge,INF048,USER57712,Kids Nutrition,2024-06-01,6,309.6564170366991
Twitter,FitnessChallenge,INF047,USER18976,Weight Gainer,2024-08-30,3,458.6804505416605
Instagram,SummerSale,INF016,USER94643,Kids Nutrition,2024-05-02,2,232.93861546422235
YouTube,SummerSale,INF019,USER37773,Protein Powder,2024-01-10,3,453.2462486348919
YouTube,SummerSale,INF041,USER78606,Vitamins,2024-11-20,4,303.1848426122692
TikTok,FitnessChallenge,INF035,USER22063,Vitamins,2024-08-09,4,492.4199006122768
TikTok,NewYearPromo,INF020,USER94943,Vitamins,2024-10-20,9,325.7118706965148
YouTube,NewYearPromo,INF036,USER10246,Weight Gainer,2024-06-23,3,250.5497233371642
TikTok,FitnessChallenge,INF020,USER11313,Kids Nutrition,2024-10-12,5,482.46138805503796
TikTok,NewYearPromo,INF035,USER61902,Weight Gainer,2024-02-06,8,175.55020894589228
Twitter,NewYearPromo,INF028,USER69182,Vitamins,2024-08-21,2,324.82368564991
Instagram,FitnessChallenge,INF022,USER86486,Kids Nutrition,2024-12-14,3,133.0168816221087
Twitter,FitnessChallenge,INF032,USER97483,Protein Powder,2024-12-16,4,237.4864741990745
TikTok,SummerSale,INF044,USER14096,Protein Powder,2024-10-31,6,194.679632489326
TikTok,SummerSale,INF006,USER41382,Kids Nutrition,2024-05-18,1,296.06703732069417
Instagram,FitnessChallenge,INF034,USER10825,Kids Nutrition,2024-01-10,3,161.60946288728272
TikTok,SummerSale,INF001,USER63121,Vitamins,2024-12-22,4,122.69606375051315
Twitter,FitnessChallenge,INF018,USER82860,Protein Powder,2024-04-27,4,398.58972417358734
YouTube,SummerSale,INF041,USER21075,Kids Nutrition,2024-07-26,2,328.76333151466076
YouTube,FitnessChallenge,INF003,USER54694,Weight Gainer,2024-06-07,8,418.26456096074065
Twitter,NewYearPromo,INF042,USER39169,Weight Gainer,2024-01-18,6,274.73091171321573
YouTube,FitnessChallenge,INF041,USER30603,Kids Nutrition,2024-05-17,2,145.8593953642396
TikTok,NewYearPromo,INF017,USER80797,Weight Gainer,2024-04-07,7,77.01929393959077
Instagram,NewYearPromo,INF023,USER72982,Vitamins,2024-07-21,5,206.3786144691637
Instagram,FitnessChallenge,INF031,USER75063,Kids Nutrition,2024-08-27,9,170.84754562466972
YouTube,SummerSale,INF004,USER72188,Vitamins,2024-08-03,3,455.32412329213275
Twitter,SummerSale,INF018,USER89129,Vitamins,2024-05-05,8,239.87560372809978
Instagram,SummerSale,INF038,USER33432,Kids Nutrition,2024-04-23,3,480.08376498392306
YouTube,SummerSale,INF024,USER48829,Protein Powder,2024-03-10,5,457.4532183541663
YouTube,FitnessChallenge,INF024,USER96135,Kids Nutrition,2024-03-22,1,389.4256920993121
YouTube,FitnessChallenge,INF037,USER87966,Kids Nutrition,2024-10-10,7,498.09620421042877
YouTube,NewYearPromo,INF003,USER66924,Weight Gainer,2024-01-15,6,423.45449704582126
Instagram,FitnessChallenge,INF025,USER44799,Weight Gainer,2024-03-11,6,122.35438214907911
YouTube,SummerSale,INF039,USER42724,Kids Nutrition,2024-01-19,4,444.07276828838246
YouTube,SummerSale,INF002,USER67321,Weight Gainer,2024-10-23,2,331.67690467602256
YouTube,NewYearPromo,INF019,USER43168,Vitamins,2024-03-20,4,147.57943366550782
YouTube,FitnessChallenge,INF003,USER88444,Kids Nutrition,2024-04-12,4,312.4270110694492
TikTok,FitnessChallenge,INF043,USER79557,Protein Powder,2024-11-29,3,394.75843213242143
YouTube,NewYearPromo,INF030,USER36730,Kids Nutrition,2024-05-31,8,98.86554148514611
Twitter,NewYearPromo,INF042,USER79007,Weight Gainer,2024-11-23,1,215.4074972179489
Twitter,FitnessChallenge,INF015,USER80885,Protein Powder,2024-11-10,4,169.60513362672611
TikTok,FitnessChallenge,INF011,USER58802,Vitamins,2024-05-22,2,254.67103206349492
TikTok,NewYearPromo,INF006,USER81089,Protein Powder,2024-02-01,6,81.69147233265377
YouTube,SummerSale,INF003,USER76979,Weight Gainer,2024-12-15,7,459.11247455163885
Twitter,FitnessChallenge,INF032,USER56744,Kids Nutrition,2024-10-23,3,394.1984762434769
Twitter,SummerSale,INF032,USER93054,Kids Nutrition,2024-03-26,1,186.99565918866895
TikTok,SummerSale,INF001,USER35714,Vitamins,2024-07-14,4,478.79425136517995
Instagram,SummerSale,INF007,USER11341,Protein Powder,2024-04-19,1,56.38309973144645
Twitter,SummerSale,INF015,USER65885,Kids Nutrition,2024-10-05,7,436.3603115904885
Instagram,SummerSale,INF038,USER29047,Vitamins,2024-01-03,6,62.97330771417085
Instagram,NewYearPromo,INF022,USER15709,Vitamins,2024-11-17,2,454.6281300570294
Twitter,SummerSale,INF028,USER61575,Vitamins,2024-05-12,3,464.92319914087295
Twitter,SummerSale,INF042,USER23469,Vitamins,2024-02-18,5,90.1285484795983
Twitter,SummerSale,INF033,USER35872,Weight Gainer,2024-08-16,2,66.70379472962982
TikTok,FitnessChallenge,INF020,USER36017,Kids Nutrition,2024-05-03,5,410.3056991773671
Instagram,SummerSale,INF013,USER89944,Vitamins,2024-02-16,6,180.48143212099728
Twitter,SummerSale,INF028,USER89405,Vitamins,2024-10-15,4,134.3636005186083
Twitter,FitnessChallenge,INF028,USER67194,Kids Nutrition,2024-05-05,9,181.76669155817854
YouTube,FitnessChallenge,INF019,USER55646,Vitamins,2024-01-30,3,301.738144201891
Twitter,FitnessChallenge,INF033,USER27622,Weight Gainer,2024-03-22,6,78.21158061368939
Instagram,FitnessChallenge,INF027,USER56806,Kids Nutrition,2024-03-23,3,248.6510462317069
YouTube,FitnessChallenge,INF002,USER85859,Kids Nutrition,2024-01-07,9,466.9424227229398
YouTube,SummerSale,INF030,USER26380,Vitamins,2024-12-27,2,437.2033085412676
YouTube,SummerSale,INF004,USER76219,Weight Gainer,2024-05-28,4,60.333568136597464
TikTok,FitnessChallenge,INF017,USER62345,Weight Gainer,2024-07-27,9,416.47562114216197
Instagram,FitnessChallenge,INF031,USER43501,Weight Gainer,2024-05-20,7,485.0499563735015
TikTok,SummerSale,INF006,USER42356,Protein Powder,2024-12-26,8,149.09702297377038
Instagram,FitnessChallenge,INF029,USER24690,Kids Nutrition,2024-12-15,9,494.6410102147216
YouTube,SummerSale,INF041,USER73092,Vitamins,2024-09-14,3,461.24336791271327
Instagram,FitnessChallenge,INF013,USER65227,Vitamins,2024-06-03,3,247.01193094537004
Twitter,NewYearPromo,INF047,USER18966,Weight Gainer,2024-05-27,2,78.35493599830382
Twitter,FitnessChallenge,INF047,USER66952,Weight Gainer,2024-07-23,3,268.05857757681395
TikTok,FitnessChallenge,INF006,USER31010,Weight Gainer,2024-09-12,7,347.82725925872785
YouTube,SummerSale,INF004,USER70537,Vitamins,2024-01-25,5,148.5045565493309
Instagram,NewYearPromo,INF023,USER77810,Protein Powder,2024-08-24,1,184.1811899961423
Instagram,NewYearPromo,INF023,USER13679,Weight Gainer,2024-12-20,3,56.91530955964855
Twitter,FitnessChallenge,INF032,USER88746,Vitamins,2024-10-25,8,351.32065769882047
YouTube,SummerSale,INF026,USER97417,Protein Powder,2024-04-03,5,337.8875497619107
YouTube,SummerSale,INF037,USER17909,Vitamins,2024-01-29,2,171.42457440234773
Instagram,SummerSale,INF031,USER85884,Vitamins,2024-03-20,8,286.2637473949767
TikTok,SummerSale,INF017,USER69218,Vitamins,2024-08-14,5,343.52940865767835
Twitter,NewYearPromo,INF018,USER63028,Vitamins,2024-07-26,3,183.3343808404251
Twitter,NewYearPromo,INF018,USER18748,Kids Nutrition,2024-05-18,2,421.56950483630516
YouTube,FitnessChallenge,INF049,USER99537,Weight Gainer,2024-05-11,8,436.0084152126729
Twitter,SummerSale,INF018,USER19865,Protein Powder,2024-04-22,1,292.49495077989366
Instagram,NewYearPromo,INF023,USER67113,Vitamins,2024-06-30,3,333.22001001759565
TikTok,NewYearPromo,INF020,USER29535,Protein Powder,2024-05-02,7,53.72917579067996
Instagram,SummerSale,INF038,USER88492,Protein Powder,2024-06-07,4,391.52558197516186
Instagram,FitnessChallenge,INF023,USER37707,Protein Powder,2024-04-09,7,371.8494572196023
Twitter,NewYearPromo,INF010,USER64322,Kids Nutrition,2024-12-02,6,449.04543060993694
YouTube,SummerSale,INF002,USER43890,Weight Gainer,2024-06-14,4,218.5460551759684
Twitter,NewYearPromo,INF042,USER96683,Weight Gainer,2024-04-08,8,84.17474654680458
Twitter,SummerSale,INF008,USER14069,Weight Gainer,2024-06-24,9,345.719255894953
Twitter,SummerSale,INF010,USER34093,Weight Gainer,2024-03-12,9,207.30755235615848
Instagram,SummerSale,INF027,USER78875,Kids Nutrition,2024-04-06,4,308.39872733901063
Instagram,SummerSale,INF031,USER78463,Kids Nutrition,2024-08-15,2,413.9877484149475
Instagram,FitnessChallenge,INF034,USER74087,Vitamins,2024-06-02,3,291.3383296555895
Twitter,SummerSale,INF010,USER21779,Protein Powder,2024-07-18,9,361.8293042080118
YouTube,FitnessChallenge,INF012,USER43801,Vitamins,2024-09-22,5,366.96959000213195
Instagram,FitnessChallenge,INF046,USER38725,Vitamins,2024-12-15,8,499.09572411835666
Instagram,SummerSale,INF022,USER68864,Protein Powder,2024-10-26,2,428.824632143457
Twitter,NewYearPromo,INF015,USER20507,Kids Nutrition,2024-09-03,2,207.56832012441996
Twitter,FitnessChallenge,INF010,USER46435,Kids Nutrition,2024-10-16,4,404.84180444952347
Instagram,NewYearPromo,INF023,USER77765,Weight Gainer,2024-02-27,3,450.0650231520657
Twitter,FitnessChallenge,INF047,USER54733,Kids Nutrition,2024-04-26,2,308.8017386241942
Instagram,SummerSale,INF045,USER83665,Vitamins,2024-04-04,2,429.85143574774315
TikTok,SummerSale,INF035,USER87194,Protein Powder,2024-03-21,5,409.3360194414441
Instagram,SummerSale,INF013,USER50748,Protein Powder,2024-11-29,4,348.47267937782124
TikTok,FitnessChallenge,INF011,USER58666,Weight Gainer,2024-10-27,5,60.66085282785812
TikTok,FitnessChallenge,INF020,USER40450,Vitamins,2024-01-21,8,85.99441615303247
Twitter,NewYearPromo,INF028,USER91074,Protein Powder,2024-04-10,6,103.14030198399837
TikTok,SummerSale,INF044,USER25858,Kids Nutrition,2024-08-24,3,428.31408464728145
Twitter,SummerSale,INF028,USER84008,Protein Powder,2024-05-20,6,208.44104857188088
TikTok,FitnessChallenge,INF043,USER49248,Weight Gainer,2024-01-14,9,390.0382240231291
YouTube,NewYearPromo,INF039,USER85013,Protein Powder,2024-09-09,2,235.29793145197704
Instagram,NewYearPromo,INF013,USER87723,Weight Gainer,2024-06-23,3,407.77702260623755
Instagram,FitnessChallenge,INF038,USER50033,Weight Gainer,2024-05-02,9,206.06522997532497
TikTok,NewYearPromo,INF017,USER72137,Vitamins,2024-11-11,6,300.4566366829215
YouTube,FitnessChallenge,INF002,USER85222,Protein Powder,2024-03-19,1,310.855327406277
Twitter,SummerSale,INF028,USER57267,Kids Nutrition,2024-02-24,2,232.72755402121484
YouTube,NewYearPromo,INF026,USER47734,Vitamins,2024-11-27,4,178.77960712316866
Instagram,SummerSale,INF013,USER31507,Protein Powder,2024-04-10,9,438.08885768985743
TikTok,SummerSale,INF035,USER93028,Protein Powder,2024-06-17,5,223.8720157110267
YouTube,SummerSale,INF003,USER96670,Weight Gainer,2024-09-07,6,263.991324526641
Twitter,FitnessChallenge,INF009,USER90960,Weight Gainer,2024-02-02,1,488.1617298754364
Twitter,NewYearPromo,INF028,USER58823,Kids Nutrition,2024-07-18,4,281.3390664512766
Twitter,NewYearPromo,INF040,USER18404,Protein Powder,2024-02-01,7,115.28903200429377
Instagram,FitnessChallenge,INF034,USER21909,Protein Powder,2024-11-26,4,375.0083123163621
YouTube,NewYearPromo,INF012,USER52771,Weight Gainer,2024-05-04,1,276.107330646931
YouTube,FitnessChallenge,INF004,USER10785,Protein Powder,2024-07-17,4,224.80439070064833
YouTube,FitnessChallenge,INF037,USER15265,Vitamins,2024-05-08,2,86.08682036323748
Twitter,FitnessChallenge,INF018,USER92875,Vitamins,2024-04-02,3,301.7539320751397
Instagram,NewYearPromo,INF038,USER83837,Kids Nutrition,2024-09-20,1,388.2846222189009
YouTube,SummerSale,INF024,USER15207,Kids Nutrition,2024-04-04,9,444.61872477031466
Twitter,NewYearPromo,INF040,USER67163,Weight Gainer,2024-09-28,2,310.5127087597907
Twitter,FitnessChallenge,INF042,USER41690,Protein Powder,2024-11-23,5,402.70696272151525
YouTube,NewYearPromo,INF012,USER91004,Protein Powder,2024-09-20,3,445.9652767615918
Instagram,NewYearPromo,INF005,USER31106,Kids Nutrition,2024-03-16,3,356.9934201522587
YouTube,NewYearPromo,INF026,USER47355,Kids Nutrition,2024-04-25,5,263.1133587768833
TikTok,FitnessChallenge,INF017,USER52421,Vitamins,2024-11-28,5,207.10977850561196
YouTube,SummerSale,INF019,USER29657,Protein Powder,2024-01-27,3,379.1715056435731
Instagram,SummerSale,INF005,USER46943,Weight Gainer,2024-08-10,8,390.52167820899206
Twitter,FitnessChallenge,INF042,USER75263,Vitamins,2024-07-16,9,127.91013015530955
Twitter,NewYearPromo,INF033,USER35308,Weight Gainer,2024-03-13,6,259.24945434885205
YouTube,SummerSale,INF041,USER38427,Weight Gainer,2024-10-25,2,422.5423644587697
YouTube,FitnessChallenge,INF041,USER33098,Weight Gainer,2024-06-10,7,488.0520485533114
YouTube,SummerSale,INF002,USER16359,Protein Powder,2024-04-22,8,212.96742655519785
Instagram,NewYearPromo,INF029,USER71467,Protein Powder,2024-03-09,9,190.27517055450997
Instagram,NewYearPromo,INF022,USER75762,Vitamins,2024-12-26,6,170.79307227081625
TikTok,FitnessChallenge,INF017,USER54030,Vitamins,2024-11-11,8,352.212706289958
Twitter,SummerSale,INF033,USER14655,Vitamins,2024-09-05,2,311.3124689334054
YouTube,FitnessChallenge,INF037,USER88844,Weight Gainer,2024-09-19,8,464.1827074305563
Instagram,NewYearPromo,INF023,USER62813,Weight Gainer,2024-06-01,7,419.030788377523
YouTube,FitnessChallenge,INF002,USER18146,Kids Nutrition,2024-01-14,5,262.5004298270393
YouTube,NewYearPromo,INF024,USER62766,Protein Powder,2024-11-03,9,285.1442690170834
YouTube,FitnessChallenge,INF026,USER47520,Kids Nutrition,2024-07-07,9,342.4986589419397
Instagram,NewYearPromo,INF027,USER94853,Kids Nutrition,2024-02-22,6,83.45044679685208
YouTube,NewYearPromo,INF048,USER44085,Vitamins,2024-08-09,2,414.10289002381353
YouTube,FitnessChallenge,INF048,USER23990,Kids Nutrition,2024-01-25,1,488.2865024697334
Twitter,NewYearPromo,INF040,USER68235,Protein Powder,2024-06-04,8,372.922638427737
Instagram,FitnessChallenge,INF013,USER58458,Vitamins,2024-08-12,9,81.15640405952816
Instagram,NewYearPromo,INF014,USER80001,Weight Gainer,2024-10-23,7,227.93760390277058
Instagram,FitnessChallenge,INF031,USER90172,Protein Powder,2024-02-14,5,119.39209658212252
Twitter,SummerSale,INF009,USER47910,Vitamins,2024-10-11,6,385.98856552301146
TikTok,SummerSale,INF017,USER75806,Kids Nutrition,2024-07-02,5,492.1936925015982
YouTube,FitnessChallenge,INF019,USER74044,Vitamins,2024-08-29,9,251.35624279976813
Instagram,SummerSale,INF022,USER95707,Vitamins,2024-01-26,2,209.05391490143245
Instagram,FitnessChallenge,INF022,USER48567,Vitamins,2024-11-19,6,457.4002318474229
Twitter,SummerSale,INF008,USER26273,Kids Nutrition,2024-02-02,5,319.3321670783809
TikTok,NewYearPromo,INF006,USER90266,Protein Powder,2024-03-09,6,324.48583961704406
TikTok,NewYearPromo,INF044,USER41673,Vitamins,2024-05-31,8,303.65259384488365
Twitter,FitnessChallenge,INF033,USER68009,Vitamins,2024-09-06,7,414.50064500306917
YouTube,FitnessChallenge,INF003,USER64155,Kids Nutrition,2024-10-07,8,226.0208886943543
TikTok,NewYearPromo,INF044,USER15954,Kids Nutrition,2024-05-09,1,214.66812366413856
TikTok,SummerSale,INF044,USER80203,Weight Gainer,2024-02-21,5,483.6749735758442
YouTube,NewYearPromo,INF002,USER86203,Weight Gainer,2024-02-28,3,426.84773911751995
TikTok,SummerSale,INF035,USER76102,Weight Gainer,2024-08-13,5,236.1010524104515
Instagram,SummerSale,INF023,USER50717,Protein Powder,2024-12-18,1,302.845566281562
Twitter,NewYearPromo,INF040,USER41219,Weight Gainer,2024-05-25,9,460.93397816337614
Twitter,SummerSale,INF032,USER85472,Vitamins,2024-11-24,5,375.0522060913677
YouTube,NewYearPromo,INF002,USER39972,Vitamins,2024-12-17,8,156.24248502386718
Twitter,NewYearPromo,INF032,USER31038,Weight Gainer,2024-07-01,6,350.89557532479853
YouTube,SummerSale,INF012,USER80126,Kids Nutrition,2024-07-07,8,211.5373837683008
Twitter,SummerSale,INF042,USER49398,Protein Powder,2024-09-29,8,443.0778620460467
Twitter,FitnessChallenge,INF033,USER15437,Protein Powder,2024-12-12,3,221.564012565911
Instagram,NewYearPromo,INF014,USER81701,Kids Nutrition,2024-02-09,8,183.5670793566298
Instagram,NewYearPromo,INF021,USER19678,Vitamins,2024-05-23,3,436.45070766672563
Twitter,NewYearPromo,INF032,USER41447,Weight Gainer,2024-06-08,6,347.16345587101
Twitter,SummerSale,INF018,USER59589,Vitamins,2024-06-23,1,441.31034519124427
Twitter,NewYearPromo,INF015,USER96396,Kids Nutrition,2024-06-19,3,295.7918049152903
TikTok,SummerSale,INF035,USER67789,Weight Gainer,2024-04-14,1,278.78881146406286
Twitter,SummerSale,INF008,USER38616,Kids Nutrition,2024-08-05,7,99.5280120286511
YouTube,SummerSale,INF024,USER88320,Protein Powder,2024-04-02,8,248.08655443670705
TikTok,FitnessChallenge,INF035,USER32409,Vitamins,2024-08-25,8,292.16412832295924
YouTube,FitnessChallenge,INF048,USER91182,Weight Gainer,2024-07-31,6,351.3559008780702
Instagram,NewYearPromo,INF031,USER76926,Weight Gainer,2024-09-07,8,463.4391720700993
TikTok,SummerSale,INF020,USER68522,Vitamins,2024-06-23,4,195.6040535005872
Instagram,SummerSale,INF027,USER13688,Weight Gainer,2024-06-21,5,379.26314076607264
TikTok,FitnessChallenge,INF043,USER82711,Protein Powder,2024-01-21,4,410.3723291437358
YouTube,NewYearPromo,INF012,USER75176,Weight Gainer,2024-03-08,2,482.2358610583039
YouTube,SummerSale,INF048,USER43352,Kids Nutrition,2024-12-17,4,250.83647307672592
Twitter,SummerSale,INF018,USER65545,Weight Gainer,2024-05-06,5,256.6617843395493
YouTube,SummerSale,INF037,USER77912,Protein Powder,2024-04-10,6,124.42099976692103
Instagram,SummerSale,INF034,USER91127,Weight Gainer,2024-12-03,2,138.07535239143886
TikTok,NewYearPromo,INF001,USER50345,Kids Nutrition,2024-05-03,5,422.33053495140535
Instagram,SummerSale,INF014,USER41998,Kids Nutrition,2024-06-07,2,402.6622292942392
Instagram,NewYearPromo,INF023,USER85633,Weight Gainer,2024-11-06,5,487.0141562756378
TikTok,FitnessChallenge,INF006,USER71867,Kids Nutrition,2024-03-22,8,362.23267988957167
TikTok,SummerSale,INF035,USER25508,Weight Gainer,2024-01-27,1,119.37099376548562
YouTube,SummerSale,INF004,USER32932,Kids Nutrition,2024-01-03,1,417.5460025985576
Instagram,NewYearPromo,INF034,USER51109,Kids Nutrition,2024-12-23,1,490.47432217152215
Instagram,SummerSale,INF022,USER96359,Kids Nutrition,2024-05-03,8,409.6783098595715
YouTube,FitnessChallenge,INF048,USER68877,Weight Gainer,2024-08-06,9,73.42794432535706
Instagram,SummerSale,INF038,USER21255,Protein Powder,2024-10-29,7,258.52935994052314
Instagram,NewYearPromo,INF007,USER34379,Vitamins,2024-02-11,8,261.4809733817234
Instagram,SummerSale,INF034,USER69634,Kids Nutrition,2024-09-07,1,409.7439002554696
Instagram,SummerSale,INF031,USER97139,Vitamins,2024-09-22,8,183.10325769626695
Instagram,FitnessChallenge,INF005,USER97175,Kids Nutrition,2024-06-29,9,213.1481973387551
Twitter,FitnessChallenge,INF009,USER47967,Protein Powder,2024-07-28,4,498.1147016867071
Instagram,NewYearPromo,INF014,USER23409,Protein Powder,2024-03-04,7,381.4820469464499
TikTok,NewYearPromo,INF017,USER40853,Vitamins,2024-05-24,6,119.4206195166277
Instagram,NewYearPromo,INF027,USER47084,Kids Nutrition,2024-05-02,8,98.10646932224103
Instagram,SummerSale,INF027,USER46575,Vitamins,2024-12-01,7,58.6369523499159
Twitter,FitnessChallenge,INF042,USER33847,Protein Powder,2024-07-01,6,59.21210659711928
TikTok,SummerSale,INF017,USER26748,Weight Gainer,2024-01-20,7,180.1198048343255
YouTube,NewYearPromo,INF003,USER83759,Protein Powder,2024-09-06,6,132.43837681812533
YouTube,SummerSale,INF019,USER95561,Protein Powder,2024-05-05,4,480.5317581263387
Instagram,NewYearPromo,INF005,USER10840,Protein Powder,2024-08-31,2,389.97552420615796
YouTube,FitnessChallenge,INF049,USER35860,Vitamins,2024-04-06,7,114.2350102451925
YouTube,SummerSale,INF012,USER99539,Weight Gainer,2024-06-16,7,208.6030037104526
YouTube,SummerSale,INF003,USER68698,Protein Powder,2024-08-20,9,284.9773518855095
YouTube,NewYearPromo,INF004,USER63297,Weight Gainer,2024-05-23,6,105.88098138094563
TikTok,FitnessChallenge,INF044,USER97113,Weight Gainer,2024-12-16,2,370.5593068968214
Instagram,SummerSale,INF046,USER84824,Weight Gainer,2024-03-28,7,73.66206515669963
Instagram,NewYearPromo,INF014,USER24971,Kids Nutrition,2024-07-18,7,395.23490017042445
YouTube,SummerSale,INF002,USER75913,Kids Nutrition,2024-11-02,6,494.5085180526463
YouTube,SummerSale,INF049,USER15682,Kids Nutrition,2024-06-15,9,160.60509435965776
Instagram,SummerSale,INF029,USER37073,Vitamins,2024-09-05,9,285.42635442721763
YouTube,NewYearPromo,INF049,USER66007,Protein Powder,2024-04-04,5,160.1018740624354
Instagram,SummerSale,INF034,USER85624,Weight Gainer,2024-03-26,9,380.46521133116295
Twitter,FitnessChallenge,INF040,USER19795,Protein Powder,2024-07-11,2,52.56303552721902
Instagram,NewYearPromo,INF016,USER75770,Protein Powder,2024-01-07,3,173.8480117274886
Twitter,NewYearPromo,INF032,USER51309,Kids Nutrition,2024-11-22,7,422.4284660329103
Twitter,FitnessChallenge,INF033,USER70877,Protein Powder,2024-12-02,5,463.26664565463585
YouTube,NewYearPromo,INF003,USER76084,Weight Gainer,2024-09-04,9,416.9589296172404
Instagram,FitnessChallenge,INF022,USER57185,Protein Powder,2024-05-09,3,433.15755810227915
TikTok,FitnessChallenge,INF035,USER41716,Kids Nutrition,2024-07-24,3,452.43187747826374
Instagram,NewYearPromo,INF013,USER44521,Protein Powder,2024-07-06,2,409.5776898575656
